latitude,longitude,plastic_debris,oil_spill,pollution_level
19.0045,72.3142,0.16,0.04,4
19.0294,72.2923,0.88,0.42,2
19.0102,72.3029,0.51,0.11,4
19.0104,72.277,0.89,0.48,1
18.9763,72.291,0.52,0.12,2
18.991,72.2955,0.64,0.4,5
18.9925,72.2603,0.92,0.22,5
19.0424,72.2395,0.56,0.35,4
19.028,72.2263,0.22,0.19,2
19.0763,72.26,0.69,0.26,1
19.1219,72.2275,0.29,0.4,5
19.0858,72.2021,0.67,0.37,2
19.0778,72.1878,0.45,0.12,1
19.0599,72.1614,0.19,0.47,2
19.0323,72.2093,0.71,0.15,5
19.0331,72.1993,0.81,0.06,5
19.0228,72.249,0.87,0.28,5
19.0621,72.278,0.62,0.11,2
19.0316,72.2619,0.9,0.44,4
19.0176,72.2288,0.47,0.21,3
19.0054,72.2662,0.63,0.46,2
18.9653,72.279,0.39,0.37,1
19.0007,72.298,0.97,0.26,5
18.9857,72.2931,0.71,0.23,3
18.9975,72.3044,0.59,0.35,4
19.0323,72.276,0.93,0.27,2
18.9898,72.2887,0.89,0.41,5
18.9399,72.3247,0.24,0.12,3
18.9829,72.3344,0.54,0.23,4
18.9518,72.3207,0.61,0.24,1
18.9451,72.2989,0.8,0.28,3
18.9721,72.2769,0.99,0.0,1
18.951,72.2385,0.35,0.03,1
18.9433,72.2689,0.4,0.5,3
18.9607,72.3051,0.48,0.49,1
19.0014,72.2576,0.57,0.17,4
19.0073,72.2817,0.37,0.37,2
18.9626,72.3121,0.34,0.07,3
18.9692,72.2872,0.33,0.35,3
18.921,72.3003,0.81,0.2,2
18.9321,72.3148,0.1,0.19,1
18.9131,72.3537,0.3,0.33,4
18.9401,72.3601,0.66,0.13,2
18.979,72.3328,0.29,0.04,3
18.9584,72.2923,0.93,0.29,1
18.9574,72.3227,0.95,0.18,4
18.9608,72.318,0.74,0.37,4
18.9143,72.2808,0.52,0.18,4
18.9463,72.2788,0.15,0.26,3
18.9401,72.3057,0.13,0.19,4
18.9845,72.3429,0.47,0.07,3
18.9474,72.3798,0.18,0.09,2
18.9241,72.3751,0.41,0.18,5
18.8946,72.3937,0.64,0.24,2
18.8852,72.4172,0.57,0.46,1
18.9346,72.4044,0.41,0.16,5
18.9403,72.4032,0.59,0.11,3
18.9386,72.4161,0.51,0.06,3
18.9305,72.4035,0.17,0.36,3
18.9271,72.3632,0.33,0.39,3
18.8847,72.3417,0.65,0.15,3
18.8512,72.3281,0.58,0.06,2
18.8112,72.2986,0.34,0.31,5
18.8441,72.3438,0.35,0.03,1
18.8905,72.3354,0.74,0.33,2
18.8834,72.3774,0.8,0.48,1
18.8749,72.3576,0.11,0.38,2
18.8832,72.3429,0.11,0.22,1
18.855,72.3173,0.24,0.41,5
18.82,72.3279,0.6,0.43,1
18.843,72.3181,0.46,0.38,3
18.8287,72.2718,0.63,0.31,5
18.8101,72.2746,0.21,0.35,3
18.7648,72.2596,0.32,0.14,4
18.739,72.2126,0.73,0.35,5
18.7374,72.1991,0.68,0.31,5
18.7493,72.1903,0.12,0.46,5
18.7677,72.1486,0.16,0.32,2
18.7262,72.1379,0.92,0.1,3
18.6963,72.1053,0.91,0.25,5
18.7227,72.1027,0.24,0.07,2
18.7405,72.0648,0.59,0.17,4
18.7148,72.0717,0.92,0.3,3
18.7152,72.1139,0.76,0.34,5
18.7397,72.1618,0.54,0.25,5
18.7166,72.1118,0.42,0.29,1
18.7539,72.1015,0.62,0.46,2
18.7835,72.0579,0.85,0.44,3
18.8012,72.0334,0.83,0.09,3
18.7573,72.0555,0.72,0.24,5
18.7597,72.0481,0.15,0.5,1
18.7893,72.041,0.89,0.09,3
18.7938,72.083,0.54,0.08,1
18.8235,72.1048,0.9,0.02,5
18.8683,72.0967,0.35,0.05,4
18.9099,72.0825,0.89,0.41,3
18.9556,72.0534,0.96,0.36,4
18.9645,72.089,0.39,0.43,1
18.9213,72.0537,0.57,0.43,3
18.9466,72.0398,0.26,0.39,4
18.9303,72.0219,0.46,0.14,3
18.8867,72.0453,0.31,0.27,5
18.8443,71.9953,0.88,0.29,4
18.798,71.974,0.24,0.35,3
18.8068,71.9422,0.99,0.17,2
18.8441,71.9907,0.95,0.1,1
18.8029,72.0389,0.57,0.21,3
18.7899,72.0802,0.36,0.31,2
18.7591,72.0381,0.55,0.08,2
18.7473,72.0168,0.13,0.03,1
18.7188,71.9887,0.8,0.25,3
18.7322,71.9596,0.87,0.2,3
18.7469,71.9527,0.31,0.04,2
18.71,71.9128,0.49,0.26,3
18.687,71.8927,0.68,0.15,4
18.7014,71.9023,0.93,0.4,2
18.6857,71.936,0.81,0.4,5
18.7142,71.9449,0.8,0.29,1
18.7369,71.9892,0.24,0.47,3
18.7659,72.0191,0.88,0.15,5
18.7425,72.0,0.92,0.33,4
18.711,72.0197,0.19,0.35,2
18.6949,72.0452,0.4,0.06,3
18.646,72.027,0.57,0.18,3
18.6383,72.0485,0.17,0.34,3
18.6655,72.0876,0.58,0.27,5
18.6621,72.1079,0.8,0.25,1
18.637,72.0595,0.1,0.35,2
18.6157,72.0715,0.33,0.06,3
18.6161,72.0335,0.12,0.16,5
18.5885,72.0155,0.32,0.23,2
18.6087,71.9698,0.73,0.07,1
18.5718,71.9429,0.64,0.27,4
18.6164,71.9065,0.84,0.42,5
18.6118,71.9286,0.58,0.14,4
18.6441,71.9011,0.33,0.01,1
18.6385,71.8761,0.63,0.27,5
18.6652,71.9028,0.13,0.28,3
18.6468,71.9139,0.33,0.3,5
18.6907,71.9608,0.57,0.27,2
18.6957,71.9295,0.58,0.23,5
18.7193,71.9444,0.74,0.15,1
18.7286,71.9699,0.71,0.37,3
18.6955,71.9757,0.74,0.02,5
18.7072,72.0171,0.19,0.21,3
18.6686,71.971,0.43,0.39,1
18.6731,71.9991,0.8,0.33,5
18.6516,72.007,0.17,0.07,2
18.6336,71.9703,0.48,0.13,3
18.6589,71.9804,0.61,0.48,5
18.6152,71.9649,0.75,0.13,5
18.625,72.0025,0.86,0.31,5
18.6669,72.0011,0.26,0.33,2
18.7048,71.9575,0.14,0.4,1
18.7035,71.9932,0.99,0.05,3
18.6562,72.0345,0.8,0.12,2
18.672,72.0276,0.84,0.49,4
18.6621,72.06,0.96,0.04,5
18.6534,72.0849,0.4,0.01,5
18.6239,72.1234,0.51,0.05,1
18.5942,72.0769,0.21,0.17,5
18.5518,72.0493,0.6,0.44,3
18.5514,72.0008,0.38,0.29,3
18.5529,72.029,0.22,0.47,5
18.5878,72.0123,0.61,0.5,4
18.6107,71.9754,0.15,0.3,5
18.6134,71.9631,0.59,0.49,4
18.5905,71.9573,0.76,0.11,4
18.5994,71.9152,0.83,0.01,5
18.6066,71.9341,0.34,0.49,5
18.6352,71.8861,0.33,0.0,4
18.6833,71.9356,0.6,0.06,2
18.7227,71.9407,0.47,0.2,4
18.7525,71.983,0.96,0.21,3
18.7852,72.0262,0.17,0.4,5
18.7802,72.0308,0.44,0.24,1
18.7901,72.0271,0.2,0.27,3
18.8204,72.0605,0.27,0.44,3
18.818,72.1012,0.4,0.05,3
18.8074,72.1088,0.47,0.27,1
18.8288,72.1523,0.71,0.25,2
18.8624,72.1265,0.38,0.09,4
18.8981,72.1248,0.85,0.26,3
18.9035,72.0763,0.75,0.01,2
18.8658,72.1173,0.26,0.41,3
18.906,72.0818,0.34,0.05,3
18.916,72.0934,0.34,0.44,4
18.9567,72.0713,0.68,0.23,3
18.9632,72.0266,0.81,0.08,2
18.9257,71.9974,0.95,0.4,1
18.9715,71.9963,0.73,0.48,1
18.9801,72.0345,0.73,0.25,3
18.9604,72.0376,0.81,0.21,2
18.9948,72.0654,0.75,0.13,4
18.9893,72.0252,0.14,0.15,5
18.9463,72.024,0.95,0.23,5
18.9415,71.981,0.83,0.02,3
18.9128,71.9661,0.95,0.47,4
18.8818,71.9896,0.57,0.39,5
18.9257,72.0311,0.63,0.22,5
18.9,72.0393,0.21,0.5,1
18.8949,72.0528,0.6,0.16,2
18.8976,72.0147,0.13,0.4,4
18.9353,71.9876,0.27,0.08,5
18.948,71.9587,1.0,0.3,4
18.9601,71.9971,0.64,0.14,5
18.9407,71.995,1.0,0.15,4
18.9383,71.9634,0.36,0.43,3
18.9517,71.9512,0.41,0.18,4
18.9288,71.9584,0.99,0.23,2
18.9091,71.9603,0.42,0.46,5
18.9318,71.9321,0.59,0.06,2
18.9483,71.9676,0.49,0.17,1
18.9302,72.0107,0.49,0.16,3
18.9752,72.0544,0.96,0.23,2
18.9894,72.0415,0.58,0.05,3
18.9661,72.0584,0.99,0.5,2
18.9615,72.0129,0.86,0.01,3
18.9948,72.0159,0.19,0.16,3
18.9486,72.0524,0.65,0.01,1
18.9643,72.0885,0.57,0.14,3
18.9563,72.1302,0.24,0.27,2
18.9589,72.1259,0.84,0.49,2
18.9424,72.1034,0.64,0.0,4
18.9247,72.0848,0.35,0.31,4
18.9277,72.0434,0.22,0.12,3
18.959,72.0819,0.3,0.18,3
19.0051,72.0728,0.99,0.18,4
19.0199,72.0778,0.58,0.22,4
19.0042,72.0526,0.32,0.07,5
19.041,72.0816,0.21,0.36,3
19.0108,72.0362,0.92,0.12,2
18.9954,72.0264,0.44,0.34,1
19.0223,71.9946,0.46,0.44,2
19.0215,72.044,0.94,0.38,5
19.0154,72.0431,0.37,0.14,4
19.04,72.0178,0.7,0.1,1
19.0188,72.0483,0.62,0.06,2
19.0304,72.0268,0.37,0.1,3
18.9968,72.0258,0.51,0.06,1
18.9814,72.0323,0.82,0.23,3
18.9901,71.9989,0.61,0.32,5
18.9626,71.9902,0.97,0.49,3
18.9442,72.0049,0.79,0.27,5
18.951,72.0109,0.17,0.47,5
19.0009,71.9996,0.88,0.34,3
18.9602,71.971,0.9,0.03,2
19.0084,71.9527,0.36,0.08,3
19.0301,71.9714,0.22,0.2,3
19.0311,71.9566,0.68,0.15,2
18.9821,71.9388,0.34,0.39,2
19.0272,71.9132,0.47,0.2,1
19.0686,71.9522,0.68,0.03,5
19.0919,71.9522,0.53,0.16,4
19.1009,71.9889,0.41,0.43,1
19.0772,71.9962,0.28,0.0,4
19.0509,72.0119,0.59,0.36,4
19.0021,72.0303,0.43,0.44,5
18.9966,71.9833,0.27,0.42,2
19.0213,71.9745,0.75,0.3,2
19.001,71.9591,0.71,0.29,5
18.9637,71.9215,0.92,0.3,4
18.956,71.8949,0.97,0.12,1
18.9855,71.9125,0.81,0.26,3
18.9528,71.9219,0.79,0.19,3
18.9172,71.9199,0.81,0.25,2
18.8909,71.8716,0.14,0.24,1
18.8685,71.8794,0.76,0.22,5
18.8324,71.8818,0.72,0.1,2
18.7967,71.9182,0.61,0.39,2
18.7801,71.8808,0.83,0.37,1
18.7482,71.8935,0.19,0.39,1
18.736,71.893,0.41,0.26,5
18.7845,71.9068,0.44,0.11,2
18.7463,71.9077,0.52,0.19,5
18.738,71.8593,0.73,0.05,4
18.7518,71.8651,0.92,0.17,3
18.7504,71.8834,0.83,0.32,2
18.7682,71.8722,0.22,0.42,1
18.8131,71.8711,0.43,0.49,3
18.8139,71.9007,0.15,0.36,3
18.8124,71.8841,0.72,0.48,4
18.8237,71.9119,0.99,0.12,3
18.8245,71.9405,0.32,0.01,2
18.8019,71.9802,0.28,0.15,2
18.8193,72.0058,0.46,0.43,3
18.8442,71.9745,0.52,0.18,1
18.8604,71.9784,0.39,0.18,4
18.8921,71.9877,0.62,0.35,5
18.9354,72.0133,0.61,0.1,5
18.9404,71.996,0.28,0.15,2
18.9164,72.0086,0.61,0.42,4
18.8844,72.0337,0.26,0.28,2
18.853,72.0043,0.63,0.34,4
18.8882,71.9799,0.9,0.39,4
18.8388,72.0253,0.26,0.24,2
18.871,72.0425,0.27,0.06,3
18.8638,72.0283,0.38,0.32,2
18.8716,72.0742,0.98,0.11,1
18.8533,72.0259,0.79,0.09,5
18.8487,71.9768,0.98,0.3,3
18.8453,72.0061,0.78,0.02,3
18.8351,72.0099,0.32,0.04,2
18.8095,72.0121,0.66,0.01,4
18.8211,72.0033,0.51,0.29,4
18.8573,71.9687,0.54,0.15,2
18.8174,71.9567,0.22,0.2,3
18.8252,71.9901,0.83,0.37,2
18.7843,71.9726,0.49,0.45,4
18.8259,71.9788,0.17,0.4,3
18.7929,72.0042,0.66,0.27,3
18.8377,72.0398,0.6,0.21,3
18.8287,72.0449,0.99,0.32,4
18.8521,72.0783,0.66,0.28,4
18.8639,72.0698,0.9,0.31,1
18.8227,72.0812,0.63,0.17,5
18.7804,72.1306,0.95,0.34,5
18.7712,72.1601,0.99,0.3,5
18.7824,72.1957,0.6,0.1,4
18.8321,72.2014,0.15,0.39,1
18.7951,72.2368,0.41,0.23,3
18.818,72.2481,0.35,0.03,3
18.7953,72.2094,0.39,0.0,3
18.7625,72.209,0.5,0.07,5
18.7823,72.2329,0.57,0.21,5
18.7566,72.282,0.33,0.42,4
18.7714,72.2728,0.46,0.27,2
18.7344,72.2496,0.92,0.17,3
18.774,72.2978,0.44,0.14,5
18.7401,72.3203,0.57,0.48,3
18.7429,72.2771,0.35,0.43,1
18.7856,72.2612,0.7,0.37,1
18.7614,72.2351,0.41,0.02,2
18.7783,72.2029,0.17,0.48,1
18.7625,72.1575,0.6,0.23,2
18.7374,72.109,0.44,0.1,2
18.7763,72.1276,0.88,0.42,5
18.811,72.1728,0.89,0.44,3
18.7975,72.2022,0.81,0.3,2
18.7596,72.2103,0.36,0.03,1
18.7493,72.246,0.22,0.31,2
18.7901,72.2066,0.26,0.49,1
18.8006,72.178,0.4,0.3,1
18.761,72.1869,0.13,0.37,5
18.8042,72.2301,0.42,0.08,1
18.7555,72.2771,0.44,0.35,4
18.7632,72.2815,0.6,0.17,1
18.743,72.2593,0.39,0.11,3
18.7585,72.2227,0.74,0.16,1
18.7098,72.2683,0.94,0.27,2
18.7541,72.2448,0.5,0.22,5
18.8005,72.2344,0.63,0.0,4
18.8087,72.1882,0.67,0.08,2
18.7714,72.2096,0.84,0.26,3
18.7382,72.1914,0.81,0.05,2
18.7649,72.1899,0.14,0.32,2
18.7737,72.1656,0.61,0.06,5
18.8057,72.1386,0.84,0.15,3
18.7882,72.1155,0.63,0.37,3
18.8203,72.1157,0.71,0.32,1
18.8449,72.0779,0.82,0.01,4
18.8195,72.0767,0.67,0.43,5
18.8566,72.0756,0.53,0.29,5
18.8446,72.0775,0.61,0.15,2
18.8244,72.0556,0.86,0.24,2
18.784,72.0461,0.1,0.39,1
18.7386,72.0662,0.27,0.45,5
18.697,72.0246,0.25,0.43,3
18.6845,72.0303,0.74,0.38,4
18.6843,71.9933,0.68,0.2,1
18.7286,71.9943,0.84,0.06,2
18.7357,71.9626,0.59,0.02,2
18.7598,71.988,0.58,0.29,4
18.8027,71.9902,0.36,0.32,2
18.8331,71.9836,0.37,0.14,1
18.7833,71.9348,0.26,0.43,2
18.7889,71.9662,0.23,0.4,1
18.8227,71.9721,0.75,0.21,5
18.8609,71.9244,0.85,0.09,4
18.8539,71.9415,0.12,0.4,4
18.8671,71.9746,0.29,0.24,2
18.8482,72.0193,0.58,0.01,4
18.8965,72.0466,0.17,0.13,2
18.8845,72.0475,1.0,0.28,5
18.8426,72.0147,0.68,0.04,1
18.8409,72.0331,0.68,0.42,2
18.8594,72.0052,0.93,0.06,4
18.8324,72.0427,0.19,0.35,1
18.8645,72.0687,0.35,0.45,2
18.818,72.0296,0.56,0.1,2
18.8013,72.0344,0.45,0.23,2
18.8201,72.0657,0.2,0.26,4
18.8037,72.1078,0.45,0.13,1
18.8271,72.1051,0.4,0.34,3
18.8137,72.0937,0.49,0.04,1
18.7959,72.0934,0.14,0.03,3
18.8022,72.0863,0.83,0.18,4
18.7965,72.0605,0.58,0.24,5
18.8296,72.1087,0.59,0.13,4
18.8075,72.0644,0.19,0.1,4
18.7813,72.0276,0.84,0.41,5
18.8058,71.9939,0.95,0.4,3
18.7712,72.033,0.48,0.2,4
18.7294,72.0699,0.61,0.04,1
18.7388,72.1151,0.67,0.06,1
18.7492,72.1223,0.29,0.1,1
18.7766,72.1625,0.86,0.25,5
18.7702,72.1803,0.24,0.36,3
18.7488,72.216,0.39,0.32,2
18.7251,72.189,0.61,0.27,2
18.6941,72.1661,0.87,0.48,4
18.686,72.1263,0.18,0.42,5
18.6902,72.1747,0.68,0.07,2
18.705,72.1771,0.74,0.22,2
18.7373,72.1625,0.34,0.49,2
18.747,72.1999,0.13,0.19,1
18.703,72.1817,0.2,0.02,4
18.6827,72.1405,0.95,0.02,3
18.7288,72.1138,0.69,0.0,2
18.7278,72.1146,0.58,0.48,3
18.7,72.137,0.37,0.34,4
18.6909,72.0987,0.65,0.37,1
18.6538,72.0624,0.87,0.13,3
18.6592,72.0767,0.65,0.15,2
18.6198,72.0451,0.5,0.36,4
18.6153,72.0809,0.35,0.4,4
18.6592,72.0344,0.71,0.07,2
18.6688,72.0371,0.69,0.46,4
18.6421,72.024,0.22,0.24,5
18.5975,72.0585,0.71,0.34,2
18.5584,72.0162,0.89,0.14,1
18.5759,72.0105,0.8,0.01,1
18.5968,71.9723,0.37,0.4,4
18.6333,71.9301,0.61,0.35,5
18.6564,71.8811,0.13,0.09,4
18.6079,71.8813,0.8,0.21,2
18.5618,71.9193,0.22,0.31,3
18.5993,71.9203,0.98,0.42,5
18.5779,71.9256,0.38,0.31,2
18.5399,71.897,0.5,0.44,2
18.5629,71.8902,0.98,0.12,3
18.5838,71.8619,0.9,0.41,1
18.5536,71.816,0.85,0.34,1
18.5487,71.7814,0.21,0.33,4
18.561,71.8248,0.76,0.06,4
18.5839,71.7923,0.79,0.47,5
18.5882,71.809,0.23,0.37,4
18.582,71.8429,0.58,0.32,2
18.6007,71.8389,0.83,0.15,1
18.5585,71.8085,0.98,0.03,4
18.5478,71.7708,0.6,0.07,1
18.5195,71.8125,0.48,0.31,3
18.5149,71.8318,0.13,0.13,2
18.466,71.83,0.85,0.21,3
18.4615,71.8691,0.29,0.13,1
18.4507,71.9162,0.83,0.12,2
18.4093,71.9065,0.32,0.04,2
18.4202,71.9418,0.24,0.27,4
18.4103,71.9468,0.3,0.38,2
18.3687,71.9681,0.77,0.02,5
18.3374,71.9344,0.93,0.25,1
18.3282,71.9041,1.0,0.14,5
18.3753,71.9152,0.51,0.19,4
18.4174,71.8797,0.85,0.4,2
18.3764,71.8304,0.61,0.28,5
18.3931,71.8667,0.98,0.08,5
18.4394,71.8573,0.18,0.35,5
18.4185,71.8865,0.16,0.1,4
18.4106,71.8793,0.21,0.33,1
18.3911,71.8469,0.95,0.24,3
18.4326,71.8625,0.7,0.27,1
18.4004,71.8687,0.59,0.22,5
18.4274,71.8559,0.95,0.23,2
18.3885,71.8137,0.81,0.27,5
18.3558,71.7907,0.49,0.11,4
18.3715,71.7573,0.9,0.32,1
18.3551,71.7369,0.15,0.02,1
18.3087,71.6916,0.77,0.21,3
18.3303,71.6938,0.85,0.13,2
18.2884,71.6508,0.4,0.11,2
18.2431,71.677,0.13,0.34,5
18.2072,71.7081,0.23,0.14,4
18.2106,71.6795,0.27,0.25,1
18.1901,71.6758,0.51,0.47,4
18.1673,71.6295,0.63,0.32,5
18.1727,71.6516,0.71,0.3,3
18.2059,71.6871,0.64,0.28,5
18.2178,71.6479,0.43,0.24,3
18.2151,71.6376,0.54,0.24,2
18.2495,71.6448,0.28,0.02,1
18.2414,71.6451,0.11,0.1,2
18.2683,71.6409,0.19,0.33,2
18.2974,71.6794,0.62,0.11,3
18.2977,71.708,0.24,0.36,4
18.3218,71.6616,0.55,0.04,5
18.3336,71.6854,0.19,0.14,3
18.3595,71.7318,0.94,0.32,4
18.4078,71.6841,0.64,0.49,1
18.3806,71.7155,0.48,0.1,5
18.3317,71.7152,0.25,0.01,5
18.3768,71.6983,0.89,0.09,1
18.3583,71.7172,0.82,0.16,2
18.3881,71.6912,0.83,0.41,3
18.413,71.7405,0.85,0.31,1
18.4063,71.7833,0.29,0.01,3
18.4108,71.8213,0.34,0.13,5
18.394,71.8452,0.51,0.39,2
18.4032,71.8493,0.78,0.4,1
18.4161,71.8033,0.43,0.44,1
18.3682,71.8408,0.75,0.17,1
18.418,71.8479,0.8,0.04,1
18.4586,71.8758,0.81,0.33,1
18.4105,71.8381,0.3,0.04,4
18.3617,71.8264,0.71,0.01,3
18.3467,71.8364,0.88,0.27,4
18.3401,71.8647,0.85,0.36,3
18.3793,71.8536,0.29,0.25,2
18.366,71.8252,0.65,0.48,5
18.3789,71.7819,0.47,0.32,5
18.417,71.7902,0.37,0.3,5
18.457,71.8226,0.68,0.21,1
18.4517,71.8065,0.93,0.3,2
18.4708,71.8547,0.31,0.11,2
18.4954,71.8607,0.84,0.01,1
18.4975,71.8966,0.68,0.08,5
18.5428,71.8545,0.54,0.23,4
18.5069,71.8284,0.61,0.36,1
18.5554,71.7795,0.52,0.04,3
18.5578,71.7692,0.18,0.34,1
18.5236,71.7844,0.9,0.25,5
18.5443,71.8141,0.2,0.24,1
18.5732,71.8323,0.57,0.38,2
18.525,71.8788,0.38,0.08,2
18.5308,71.8904,0.18,0.22,5
18.5522,71.9044,0.42,0.4,5
18.5765,71.9123,0.94,0.45,3
18.5362,71.9263,0.7,0.1,2
18.5737,71.9109,0.88,0.3,3
18.5839,71.8651,0.58,0.36,1
18.5507,71.8621,0.44,0.25,3
18.5095,71.8856,0.85,0.35,4
18.4935,71.8462,0.68,0.0,5
18.4627,71.8001,0.87,0.2,2
18.4823,71.8059,0.36,0.07,2
18.4363,71.7873,0.95,0.4,1
18.4116,71.7998,0.48,0.03,1
18.3809,71.8168,0.22,0.46,1
18.3808,71.8241,0.54,0.5,4
18.3749,71.8738,0.37,0.3,3
18.3748,71.8867,0.17,0.12,4
18.4015,71.8919,0.99,0.21,1
18.3929,71.8837,0.3,0.06,5
18.4362,71.9228,0.97,0.03,2
18.4021,71.8817,0.63,0.22,2
18.4343,71.8558,0.43,0.2,2
18.4584,71.864,0.57,0.18,2
18.4504,71.8689,0.87,0.23,4
18.4575,71.8455,0.91,0.17,4
18.4259,71.8527,0.59,0.16,3
18.4485,71.8822,0.93,0.11,1
18.4375,71.8846,0.31,0.23,3
18.4018,71.8668,0.33,0.1,3
18.3778,71.867,0.31,0.11,4
18.3299,71.8217,0.5,0.49,4
18.2878,71.7928,0.77,0.35,5
18.3208,71.7817,0.88,0.14,4
18.3024,71.7552,0.28,0.1,5
18.3121,71.8014,0.27,0.27,2
18.3428,71.802,0.56,0.24,4
18.2982,71.8162,0.71,0.23,3
18.2855,71.8316,0.41,0.4,2
18.287,71.8272,0.94,0.45,5
18.2456,71.8112,0.55,0.25,1
18.2408,71.8158,0.42,0.13,4
18.2702,71.7881,0.5,0.43,2
18.2516,71.8163,0.82,0.49,4
18.2675,71.8592,0.99,0.32,2
18.3026,71.8247,0.39,0.25,5
18.2632,71.8197,0.96,0.13,4
18.2745,71.8142,0.68,0.14,1
18.3204,71.8572,0.59,0.0,2
18.3327,71.829,0.49,0.03,3
18.3802,71.8229,0.21,0.24,4
18.3609,71.7999,0.33,0.2,2
18.3976,71.8312,0.64,0.28,3
18.4162,71.7837,0.91,0.19,1
18.3864,71.7343,0.87,0.46,4
18.3405,71.732,0.9,0.02,2
18.35,71.7116,0.96,0.13,3
18.3799,71.7262,0.15,0.45,4
18.3983,71.7621,0.72,0.25,4
18.3676,71.7205,0.18,0.22,5
18.3945,71.768,0.63,0.14,5
18.384,71.7238,0.21,0.34,5
18.4216,71.7377,0.34,0.42,1
18.3799,71.741,0.85,0.14,3
18.3616,71.7486,0.13,0.39,5
18.3879,71.7126,0.76,0.45,5
18.3984,71.7385,0.97,0.21,5
18.3915,71.6934,0.47,0.48,2
18.4376,71.706,0.3,0.06,5
18.4187,71.7315,0.88,0.32,4
18.4573,71.7086,0.83,0.48,5
18.4412,71.7527,0.45,0.04,5
18.4188,71.735,0.37,0.41,1
18.4229,71.7162,0.41,0.14,5
18.3994,71.7164,0.99,0.34,5
18.4137,71.7307,0.51,0.05,2
18.4633,71.7393,0.58,0.37,3
18.4617,71.7748,0.4,0.07,1
18.4929,71.7617,0.47,0.22,4
18.4784,71.7667,0.55,0.36,2
18.4308,71.766,0.27,0.04,2
18.4551,71.756,0.38,0.06,5
18.4612,71.8045,0.59,0.49,3
18.4901,71.7836,0.2,0.27,2
18.4975,71.7394,0.4,0.01,1
18.4723,71.727,0.16,0.41,2
18.4572,71.7746,0.6,0.49,4
18.4561,71.7885,0.58,0.11,5
18.4614,71.7653,0.48,0.4,1
18.4372,71.8005,0.13,0.33,4
18.4152,71.8485,0.18,0.0,3
18.4239,71.829,0.14,0.32,2
18.414,71.8444,0.82,0.36,1
18.3936,71.824,0.24,0.38,5
18.4164,71.787,0.45,0.3,2
18.4463,71.8267,0.76,0.46,4
18.4451,71.8176,0.91,0.18,5
18.4698,71.7841,0.52,0.41,2
18.4881,71.7841,0.52,0.08,2
18.498,71.818,0.18,0.08,4
18.4573,71.8257,0.69,0.35,1
18.501,71.8358,0.62,0.11,2
18.4627,71.8651,0.51,0.06,3
18.5073,71.8592,0.14,0.44,2
18.5392,71.8328,0.67,0.28,3
18.5517,71.8479,0.51,0.31,2
18.5172,71.8931,0.49,0.03,5
18.549,71.8581,0.66,0.06,4
18.5446,71.8414,0.83,0.0,4
18.5607,71.8213,0.86,0.39,4
18.5781,71.8603,0.3,0.3,2
18.5806,71.8199,0.48,0.47,2
18.5373,71.8489,0.12,0.02,5
18.5535,71.8832,0.21,0.46,1
18.5173,71.8759,0.12,0.04,3
18.4797,71.8702,0.63,0.25,3
18.4391,71.8441,0.62,0.2,3
18.4596,71.8134,0.24,0.33,3
18.4755,71.8535,0.12,0.32,3
18.4829,71.8041,0.64,0.11,2
18.491,71.7981,0.66,0.07,1
18.448,71.7507,0.59,0.46,2
18.4664,71.7272,0.25,0.44,4
18.4239,71.7584,0.67,0.17,4
18.4235,71.737,0.27,0.31,5
18.3866,71.7133,0.38,0.2,5
18.3487,71.7321,0.23,0.39,1
18.2996,71.7118,1.0,0.19,3
18.3268,71.7097,0.42,0.14,4
18.3446,71.7467,0.24,0.36,1
18.3715,71.7057,0.7,0.39,5
18.3706,71.7484,0.26,0.11,5
18.3836,71.6988,0.55,0.26,5
18.4299,71.6581,0.55,0.28,1
18.4213,71.688,0.59,0.45,2
18.4209,71.7224,0.75,0.36,1
18.4535,71.7013,0.78,0.0,5
18.4978,71.7002,0.55,0.26,1
18.5166,71.6844,0.94,0.27,1
18.4805,71.6726,0.33,0.19,3
18.4742,71.7014,0.97,0.09,5
18.4469,71.6598,0.3,0.25,2
18.457,71.6267,0.94,0.44,1
18.4194,71.6373,0.16,0.17,2
18.4062,71.663,0.33,0.39,5
18.4283,71.6714,0.24,0.25,2
18.389,71.6226,0.43,0.48,4
18.423,71.6124,0.77,0.26,4
18.3803,71.6244,0.89,0.45,5
18.4172,71.583,0.57,0.13,1
18.4413,71.5763,0.19,0.48,1
18.4139,71.6138,0.68,0.31,2
18.4121,71.5934,0.59,0.32,2
18.4406,71.5752,0.83,0.13,4
18.393,71.5427,0.68,0.48,2
18.3949,71.5388,0.86,0.43,1
18.3565,71.5861,0.28,0.32,4
18.3562,71.5741,0.65,0.15,3
18.3196,71.5399,0.29,0.39,3
18.3658,71.4918,0.39,0.05,4
18.4111,71.4841,0.78,0.32,3
18.3886,71.5266,0.41,0.24,2
18.3869,71.5289,0.55,0.36,1
18.3546,71.5138,0.7,0.21,5
18.3667,71.5078,0.96,0.38,5
18.4079,71.5342,0.73,0.13,5
18.4115,71.5419,0.96,0.23,2
18.3645,71.5866,0.21,0.16,5
18.3632,71.6285,0.59,0.25,1
18.3615,71.5992,0.59,0.01,2
18.4098,71.5555,0.15,0.18,3
18.4505,71.5474,0.27,0.3,4
18.4941,71.5326,0.2,0.29,2
18.4611,71.4838,0.31,0.33,5
18.4494,71.4607,0.3,0.28,2
18.422,71.487,0.44,0.16,3
18.4466,71.4419,0.98,0.26,1
18.4907,71.4024,0.12,0.27,5
18.4761,71.3697,0.46,0.13,2
18.5101,71.3574,0.26,0.48,5
18.5074,71.3274,0.99,0.32,4
18.4641,71.2964,0.88,0.33,2
18.4182,71.2692,0.12,0.26,5
18.4646,71.2314,0.99,0.35,2
18.4808,71.2482,0.54,0.07,3
18.4975,71.2798,0.73,0.09,2
18.5261,71.2887,0.65,0.22,1
18.5725,71.3201,0.29,0.39,2
18.6078,71.3692,0.9,0.25,4
18.5845,71.3215,0.26,0.24,1
18.6224,71.2945,0.73,0.01,5
18.6063,71.2453,0.9,0.48,4
18.5689,71.2392,0.55,0.2,4
18.5339,71.2489,0.33,0.21,3
18.5244,71.2706,0.25,0.26,4
18.5516,71.2793,0.84,0.39,1
18.5472,71.2631,0.18,0.09,1
18.5681,71.2731,0.31,0.13,1
18.5668,71.2624,0.34,0.21,4
18.5257,71.301,0.58,0.27,2
18.5416,71.316,0.98,0.21,5
18.5041,71.3396,0.98,0.25,2
18.5378,71.3689,0.63,0.24,2
18.515,71.3538,0.91,0.1,5
18.4723,71.353,0.35,0.32,2
18.4678,71.3709,0.13,0.01,5
18.4315,71.3442,0.6,0.37,5
18.4286,71.3111,0.85,0.12,5
18.4531,71.3137,0.47,0.33,5
18.4621,71.3544,0.93,0.03,5
18.4512,71.3597,0.77,0.3,4
18.4417,71.3363,0.81,0.45,1
18.4402,71.3396,0.69,0.01,5
18.4762,71.32,0.32,0.1,2
18.4919,71.3506,0.56,0.09,1
18.4994,71.391,0.19,0.09,1
18.4962,71.4368,0.78,0.07,5
18.5069,71.4223,0.74,0.26,5
18.4846,71.4581,0.93,0.4,1
18.5252,71.4315,0.46,0.21,5
18.5701,71.4542,0.66,0.25,5
18.5767,71.4125,0.35,0.25,2
18.6222,71.3846,0.38,0.07,3
18.6216,71.4155,0.77,0.15,2
18.5753,71.3695,0.64,0.41,2
18.5536,71.3547,0.44,0.39,1
18.5069,71.3886,0.12,0.02,3
18.504,71.3968,0.45,0.26,1
18.4804,71.4385,0.87,0.47,2
18.4871,71.4516,0.24,0.13,2
18.4618,71.4459,0.52,0.09,3
18.4693,71.4471,0.49,0.08,3
18.482,71.4539,0.78,0.46,5
18.4481,71.4086,0.98,0.04,1
18.4312,71.4179,0.48,0.27,5
18.4496,71.4087,0.85,0.28,5
18.4962,71.4513,0.99,0.24,4
18.5336,71.4276,0.73,0.1,3
18.5738,71.406,0.28,0.08,5
18.5732,71.4326,0.94,0.36,4
18.5507,71.4594,0.7,0.03,1
18.5729,71.5068,1.0,0.46,2
18.5782,71.5526,0.14,0.16,2
18.5752,71.5511,0.12,0.18,5
18.5265,71.5828,0.33,0.24,5
18.5623,71.6099,0.4,0.06,5
18.5539,71.5601,0.31,0.15,5
18.5863,71.5543,0.81,0.3,5
18.5459,71.5622,0.96,0.08,3
18.5394,71.5322,0.93,0.09,3
18.4971,71.4886,0.57,0.21,5
18.4627,71.467,0.21,0.07,3
18.4654,71.4882,0.52,0.23,3
18.4324,71.4539,0.61,0.05,2
18.4572,71.4338,0.73,0.21,4
18.4536,71.4416,0.22,0.15,5
18.4594,71.4733,0.84,0.31,5
18.4354,71.4978,0.77,0.22,3
18.4341,71.508,0.7,0.13,5
18.4608,71.468,0.35,0.24,4
18.4139,71.423,0.65,0.38,4
18.4103,71.4631,0.15,0.16,1
18.4229,71.5114,0.39,0.25,2
18.4075,71.5401,0.53,0.01,3
18.3943,71.5837,0.7,0.11,5
18.3884,71.6211,0.58,0.24,1
18.3689,71.6296,0.22,0.19,5
18.3652,71.6358,0.3,0.09,4
18.3408,71.6365,0.99,0.03,5
18.3881,71.684,0.51,0.14,2
18.3633,71.6875,0.28,0.12,3
18.3768,71.6562,0.24,0.34,5
18.4068,71.6526,0.42,0.24,3
18.3804,71.6951,0.46,0.18,1
18.4155,71.7232,0.94,0.04,5
18.4543,71.724,0.88,0.1,4
18.4974,71.7388,0.67,0.02,1
18.5303,71.7228,0.1,0.3,5
18.568,71.7293,0.89,0.01,2
18.5231,71.6904,0.96,0.14,5
18.4907,71.699,0.98,0.38,3
18.5164,71.7309,0.16,0.42,4
18.5033,71.7683,0.44,0.3,1
18.5312,71.7905,0.54,0.3,3
18.5286,71.8036,0.85,0.46,1
18.5478,71.7768,0.67,0.38,4
18.5091,71.7641,0.52,0.37,1
18.5198,71.7524,0.88,0.05,1
18.503,71.7437,0.61,0.28,4
18.4773,71.7911,0.39,0.09,4
18.5132,71.7996,0.96,0.37,1
18.4774,71.8115,0.35,0.29,2
18.4895,71.8153,0.63,0.48,3
18.4951,71.7673,0.45,0.19,1
18.4636,71.7415,0.65,0.41,3
18.4372,71.7614,0.3,0.48,2
18.4732,71.7145,0.69,0.02,1
18.5052,71.7361,0.86,0.16,4
18.5465,71.6973,0.58,0.46,3
18.4971,71.6535,0.41,0.15,2
18.4899,71.6538,0.51,0.03,3
18.5398,71.605,0.14,0.47,1
18.5441,71.5941,0.58,0.08,1
18.5664,71.5542,0.5,0.26,4
18.5748,71.5977,0.6,0.16,1
18.6011,71.5541,0.58,0.12,1
18.6129,71.5693,0.97,0.2,4
18.6566,71.6111,0.16,0.46,1
18.6655,71.651,0.21,0.21,1
18.6285,71.6228,0.88,0.38,4
18.6421,71.6336,0.29,0.14,5
18.6876,71.6311,0.35,0.25,4
18.6854,71.613,0.12,0.24,5
18.7286,71.6126,0.98,0.19,5
18.7091,71.6211,0.77,0.06,4
18.6879,71.6648,0.94,0.08,5
18.6936,71.6875,0.95,0.21,2
18.7252,71.6508,0.98,0.28,2
18.7497,71.6728,0.36,0.01,3
18.7811,71.6653,0.73,0.11,1
18.8141,71.7014,0.42,0.07,2
18.8419,71.6663,0.51,0.36,4
18.7925,71.6839,0.96,0.26,2
18.7946,71.6609,0.41,0.47,1
18.7667,71.6797,0.22,0.21,5
18.7547,71.7119,0.12,0.47,5
18.7213,71.6732,0.18,0.17,4
18.6869,71.6454,0.5,0.34,4
18.6709,71.6332,0.96,0.04,3
18.685,71.5911,0.67,0.11,4
18.6478,71.5882,0.64,0.4,3
18.6754,71.6377,0.96,0.15,4
18.6269,71.6289,0.29,0.21,2
18.6268,71.6173,0.29,0.07,3
18.6466,71.5722,0.21,0.49,2
18.6596,71.5482,0.42,0.38,4
18.6834,71.5547,0.67,0.3,1
18.6582,71.5488,0.58,0.29,1
18.6783,71.5972,0.85,0.38,1
18.6833,71.6184,0.81,0.16,3
18.7026,71.5703,0.93,0.23,5
18.7152,71.5496,0.11,0.21,4
18.6683,71.5192,0.66,0.17,2
18.6267,71.539,0.3,0.25,5
18.624,71.5546,0.18,0.1,1
18.6518,71.53,0.17,0.13,1
18.6265,71.5082,0.51,0.02,4
18.6382,71.5141,0.39,0.23,3
18.5914,71.5279,0.52,0.04,5
18.6287,71.4849,0.87,0.15,1
18.6784,71.4576,0.76,0.42,5
18.7231,71.4796,0.81,0.42,1
18.7105,71.4567,0.52,0.48,5
18.7288,71.5003,0.48,0.22,5
18.702,71.4513,0.45,0.07,5
18.709,71.4739,0.83,0.23,5
18.7351,71.4651,0.52,0.28,3
18.7536,71.433,0.25,0.36,3
18.7873,71.4588,0.62,0.47,4
18.761,71.4989,0.56,0.04,1
18.7595,71.5307,0.89,0.48,4
18.7848,71.5534,0.11,0.44,2
18.7615,71.5299,0.72,0.42,2
18.7204,71.4972,0.22,0.21,4
18.7635,71.5391,0.92,0.4,2
18.7954,71.5083,0.75,0.16,4
18.7993,71.5476,0.11,0.23,2
18.7965,71.5084,0.3,0.48,1
18.7863,71.4666,0.83,0.41,3
18.7991,71.5075,0.83,0.34,5
18.7626,71.5463,0.39,0.04,3
18.7666,71.5672,0.11,0.02,5
18.7467,71.5318,0.55,0.35,3
18.7018,71.5039,0.35,0.23,5
18.7236,71.5442,0.91,0.04,2
18.682,71.501,0.79,0.35,3
18.7095,71.4619,0.51,0.06,1
18.6839,71.4418,0.33,0.04,3
18.683,71.4587,0.18,0.27,1
18.69,71.4477,0.6,0.36,5
18.6868,71.4584,0.43,0.1,4
18.6945,71.4533,0.83,0.09,4
18.6479,71.5017,0.94,0.24,5
18.6696,71.5268,0.96,0.18,1
18.7189,71.5746,0.89,0.32,2
18.7318,71.5749,0.42,0.28,1
18.753,71.572,0.14,0.12,1
18.7422,71.6026,0.23,0.4,3
18.7919,71.6444,0.71,0.45,5
18.7542,71.6453,0.12,0.21,1
18.7228,71.6938,0.2,0.16,5
18.7617,71.7283,0.7,0.43,5
18.7156,71.7504,0.94,0.08,2
18.7216,71.7571,0.98,0.36,2
18.7438,71.7381,0.16,0.22,3
18.7294,71.7772,0.11,0.5,2
18.6864,71.7544,0.93,0.35,5
18.7156,71.7239,0.66,0.27,2
18.7513,71.7489,0.73,0.26,1
18.7698,71.788,0.78,0.46,4
18.7791,71.7493,0.58,0.13,2
18.7458,71.7054,0.35,0.3,5
18.7612,71.6962,0.41,0.03,1
18.7299,71.7096,0.22,0.06,1
18.6888,71.6925,0.37,0.01,3
18.6708,71.6469,0.82,0.46,4
18.6568,71.6776,0.61,0.31,3
18.6763,71.7025,0.49,0.42,4
18.7237,71.7037,0.96,0.26,1
18.7292,71.6668,0.32,0.33,2
18.7416,71.7049,0.45,0.26,3
18.7312,71.6768,0.24,0.31,2
18.6886,71.6691,0.25,0.44,3
18.6969,71.6572,0.82,0.47,5
18.6563,71.6239,0.46,0.46,2
18.6444,71.6124,0.15,0.19,5
18.6584,71.5866,0.89,0.19,5
18.6186,71.576,0.88,0.0,5
18.5734,71.6208,0.31,0.49,4
18.5966,71.6068,0.81,0.12,3
18.6021,71.6079,0.34,0.29,4
18.6354,71.5812,0.71,0.14,2
18.5878,71.6154,0.38,0.23,5
18.6028,71.6582,0.53,0.14,3
18.5928,71.6942,0.64,0.22,5
18.5581,71.6864,0.28,0.28,5
18.5391,71.6874,0.4,0.38,4
18.5654,71.6625,0.68,0.13,2
18.5594,71.7027,0.96,0.29,4
18.5664,71.7438,0.35,0.02,4
18.5308,71.6949,0.48,0.4,2
18.5255,71.6459,0.73,0.03,5
18.4915,71.6945,0.39,0.36,1
18.5188,71.6702,0.33,0.44,5
18.4914,71.6706,0.19,0.4,4
18.4931,71.6815,0.57,0.39,3
18.5231,71.6607,0.19,0.41,5
18.5522,71.656,0.12,0.37,3
18.5728,71.6584,0.32,0.44,1
18.5553,71.6666,0.21,0.48,3
18.5903,71.7035,0.88,0.41,3
18.5662,71.6617,0.96,0.15,1
18.5318,71.6124,0.7,0.49,4
18.4945,71.5687,0.76,0.06,4
18.5208,71.5211,0.41,0.34,5
18.5491,71.5082,1.0,0.06,5
18.5825,71.5449,0.66,0.34,1
18.544,71.5804,0.31,0.4,2
18.5431,71.5388,0.56,0.47,4
18.5402,71.5077,0.49,0.29,1
18.5049,71.4762,0.54,0.06,4
18.466,71.497,0.66,0.29,3
18.4904,71.473,0.72,0.26,1
18.5233,71.4629,0.3,0.45,3
18.5143,71.4796,0.12,0.19,4
18.4666,71.4687,0.47,0.48,1
18.4501,71.4974,0.47,0.33,2
18.4108,71.478,0.23,0.07,4
18.4518,71.4808,0.64,0.47,1
18.4233,71.4595,0.38,0.37,4
18.4238,71.4555,1.0,0.07,5
18.4255,71.484,0.32,0.38,5
18.4686,71.5293,0.76,0.48,1
18.4591,71.5356,0.19,0.4,3
18.4806,71.4985,0.93,0.5,3
18.5025,71.4802,0.33,0.29,1
18.5421,71.4381,0.27,0.15,5
18.5056,71.4687,0.68,0.47,1
18.4892,71.5178,0.12,0.31,3
18.4435,71.5258,0.28,0.35,5
18.437,71.542,0.28,0.1,1
18.4255,71.5874,0.77,0.11,4
18.3855,71.6288,0.4,0.36,1
18.3746,71.654,0.18,0.07,1
18.4235,71.6972,0.88,0.38,5
18.4158,71.7405,0.85,0.06,4
18.4267,71.7468,0.49,0.18,4
18.4452,71.7307,0.96,0.0,4
18.4053,71.7283,0.7,0.41,3
18.3593,71.6911,0.4,0.34,1
18.3159,71.6489,0.45,0.39,3
18.2717,71.6005,0.92,0.25,3
18.2456,71.6383,0.97,0.16,5
18.2589,71.6121,0.94,0.3,2
18.3072,71.5754,0.83,0.21,4
18.3385,71.5974,0.95,0.4,2
18.3847,71.5641,0.45,0.36,1
18.3809,71.5909,0.64,0.47,1
18.4289,71.5584,0.48,0.36,1
18.3969,71.5293,0.8,0.06,4
18.4301,71.5675,0.86,0.25,2
18.4315,71.6013,0.95,0.23,4
18.3895,71.622,0.2,0.5,5
18.3905,71.577,0.39,0.23,1
18.4156,71.6016,0.68,0.43,4
18.3745,71.638,0.12,0.3,3
18.3249,71.592,0.52,0.33,1
18.3288,71.5738,0.56,0.37,2
18.3783,71.551,0.97,0.0,5
18.3918,71.5621,0.22,0.17,5
18.3464,71.552,0.73,0.37,1
18.3135,71.5434,0.55,0.46,3
18.3254,71.5833,0.38,0.42,1
18.2875,71.5767,0.44,0.23,4
18.3264,71.6119,0.61,0.09,4
18.2787,71.5778,0.23,0.43,3
18.2765,71.5792,0.59,0.01,3
18.2335,71.5686,0.93,0.34,3
18.2654,71.5194,0.82,0.28,3
18.216,71.4756,0.16,0.28,3
18.2496,71.5182,0.81,0.47,4
18.2759,71.5427,0.73,0.26,5
18.2954,71.5674,0.93,0.34,4
18.2762,71.5813,0.84,0.09,4
18.2395,71.5447,0.67,0.12,5
18.2436,71.5314,0.45,0.17,2
18.1978,71.5665,0.32,0.08,1
18.196,71.6119,0.65,0.37,4
18.2351,71.6525,0.15,0.47,4
18.1882,71.6959,0.72,0.18,4
18.1672,71.6553,0.29,0.41,2
18.1958,71.6556,0.7,0.15,3
18.1827,71.7025,0.28,0.41,4
18.1772,71.7069,0.8,0.25,3
18.2226,71.7091,0.18,0.3,4
18.1989,71.7588,0.9,0.09,2
18.1687,71.7137,0.5,0.16,2
18.1235,71.7329,0.18,0.22,5
18.0744,71.7638,0.74,0.33,3
18.068,71.7708,0.63,0.48,5
18.0824,71.764,0.56,0.0,2
18.1067,71.759,0.62,0.05,2
18.1424,71.7298,0.91,0.01,4
18.1728,71.702,0.26,0.11,5
18.1538,71.7508,0.64,0.39,5
18.1322,71.7024,0.62,0.23,5
18.1605,71.718,0.29,0.29,5
18.1153,71.7618,0.67,0.23,1
18.0801,71.7231,0.48,0.23,3
18.0976,71.7701,0.27,0.35,2
18.1048,71.7902,1.0,0.24,5
18.1281,71.7559,0.87,0.15,5
18.0854,71.7159,0.4,0.47,1
18.0463,71.6754,0.57,0.03,1
18.0862,71.6743,0.38,0.13,1
18.1035,71.6273,0.16,0.27,5
18.1011,71.6088,0.17,0.19,5
18.1443,71.5891,0.64,0.15,1
18.0954,71.576,0.53,0.23,4
18.0809,71.5261,0.63,0.46,5
18.0532,71.4937,0.86,0.21,1
18.064,71.5113,0.63,0.37,1
18.0387,71.4838,0.82,0.16,4
18.0322,71.5162,0.68,0.31,3
18.058,71.5226,0.61,0.5,3
18.018,71.5037,0.37,0.33,4
18.0153,71.5216,0.56,0.17,4
17.9913,71.4867,0.65,0.2,5
18.0244,71.4582,0.41,0.4,2
18.0089,71.4467,0.79,0.4,5
17.972,71.477,0.99,0.35,5
18.006,71.4275,0.47,0.36,4
18.0518,71.3921,0.27,0.36,3
18.0733,71.4114,0.44,0.05,3
18.1046,71.457,0.56,0.43,4
18.0693,71.4673,0.23,0.35,2
18.0801,71.4689,0.9,0.4,2
18.043,71.5165,0.27,0.34,3
18.0413,71.4716,0.86,0.04,1
18.0424,71.5061,0.36,0.31,5
18.0843,71.4952,0.57,0.03,2
18.1293,71.5262,0.18,0.29,1
18.1315,71.5455,0.47,0.35,5
18.1238,71.5712,0.15,0.2,1
18.1549,71.5961,0.17,0.19,2
18.1098,71.5745,0.31,0.14,5
18.1251,71.5582,0.18,0.02,4
18.1475,71.5094,0.42,0.04,2
18.1904,71.523,0.12,0.34,4
18.1673,71.4786,0.32,0.04,2
18.1263,71.4384,0.55,0.3,5
18.0994,71.4193,0.39,0.22,3
18.116,71.3923,0.82,0.25,1
18.1183,71.3845,0.79,0.21,5
18.1589,71.4037,0.78,0.03,2
18.1717,71.4386,0.69,0.27,3
18.1802,71.4341,0.26,0.07,4
18.2153,71.4044,0.19,0.03,3
18.26,71.3869,0.38,0.18,3
18.2907,71.3385,0.9,0.33,3
18.2616,71.3748,0.94,0.42,4
18.2731,71.344,0.32,0.34,3
18.2998,71.352,0.26,0.29,2
18.2942,71.3285,0.98,0.39,2
18.2919,71.3176,0.71,0.03,5
18.2655,71.3033,0.22,0.25,4
18.2613,71.3045,0.55,0.31,2
18.2605,71.2983,0.68,0.0,4
18.2829,71.2824,0.51,0.01,1
18.3188,71.3303,0.92,0.17,5
18.3349,71.2977,0.13,0.09,1
18.3525,71.2588,1.0,0.21,4
18.332,71.2669,0.5,0.02,4
18.3696,71.3005,0.68,0.34,2
18.334,71.2878,0.21,0.07,1
18.3176,71.279,0.13,0.16,1
18.2973,71.2979,0.68,0.06,5
18.2799,71.3129,0.36,0.01,3
18.3009,71.2822,0.11,0.43,3
18.2747,71.3126,0.45,0.14,4
18.2394,71.2786,0.76,0.24,5
18.214,71.251,0.17,0.17,5
18.2626,71.2504,0.65,0.06,1
18.2424,71.241,0.71,0.24,3
18.2444,71.2104,0.35,0.42,1
18.2444,71.1791,0.56,0.26,4
18.235,71.1997,0.99,0.0,5
18.2252,71.2307,0.72,0.21,2
18.2078,71.2778,0.97,0.33,5
18.1805,71.291,0.68,0.11,1
18.2277,71.3286,0.53,0.37,4
18.2424,71.3111,0.36,0.16,4
18.2529,71.288,0.34,0.1,5
18.2695,71.3328,0.82,0.04,2
18.2329,71.3078,0.69,0.24,5
18.1907,71.3186,0.13,0.08,1
18.1689,71.2698,0.63,0.24,4
18.1593,71.2953,0.79,0.0,1
18.1699,71.3045,0.51,0.25,1
18.1652,71.2814,0.78,0.34,4
18.1802,71.2813,0.83,0.11,4
18.161,71.2781,0.22,0.35,5
18.1459,71.2772,0.25,0.41,3
18.1397,71.2746,0.51,0.27,2
18.1554,71.2555,0.74,0.08,1
18.1236,71.2096,0.24,0.33,1
18.1475,71.2207,0.4,0.34,1
18.1879,71.2173,0.52,0.24,4
18.1976,71.218,0.21,0.5,1
18.246,71.1791,0.16,0.22,3
18.2876,71.2164,0.9,0.28,1
18.2932,71.2371,0.96,0.11,3
18.2541,71.2868,0.59,0.22,3
18.2967,71.2653,0.93,0.38,4
18.2798,71.2361,0.52,0.1,2
18.2539,71.1913,0.78,0.38,1
18.2979,71.1908,0.71,0.31,4
18.3256,71.1717,0.85,0.12,1
18.3504,71.208,0.62,0.12,5
18.3857,71.1605,0.81,0.19,4
18.3946,71.1613,0.39,0.23,3
18.3524,71.1177,0.16,0.31,5
18.3553,71.1363,0.25,0.28,3
18.3893,71.1321,0.68,0.49,3
18.3616,71.102,0.42,0.09,3
18.4,71.1185,0.63,0.42,5
18.4306,71.0699,0.41,0.23,2
18.3897,71.0889,0.7,0.31,5
18.3769,71.1052,0.98,0.42,3
18.4163,71.1202,0.79,0.05,3
18.4106,71.0924,0.91,0.26,4
18.4557,71.0861,0.53,0.37,2
18.4115,71.1269,0.9,0.05,4
18.4588,71.1,0.53,0.06,5
18.476,71.0638,0.64,0.01,4
18.4406,71.0408,0.21,0.42,3
18.4297,71.069,0.49,0.23,3
18.474,71.1102,0.42,0.12,4
18.4655,71.1483,0.19,0.0,3
18.4546,71.1253,0.4,0.24,2
18.4115,71.1023,0.64,0.15,5
18.4295,71.1246,0.75,0.41,1
18.4567,71.147,0.8,0.47,5
18.4111,71.1584,0.83,0.24,4
18.4532,71.2065,0.12,0.47,4
18.4447,71.2013,0.7,0.32,4
18.4265,71.2297,0.73,0.39,1
18.4328,71.2382,0.45,0.42,4
18.4277,71.2161,0.51,0.05,4
18.4647,71.2654,0.97,0.33,4
18.4882,71.288,1.0,0.3,4
18.5352,71.2929,0.5,0.06,4
18.513,71.2721,0.68,0.41,5
18.5423,71.2473,0.2,0.29,1
18.5153,71.2378,0.49,0.35,4
18.4861,71.2243,0.97,0.45,5
18.4396,71.2521,0.54,0.41,1
18.4278,71.2404,0.29,0.31,3
18.4695,71.2186,0.43,0.11,1
18.4598,71.267,0.41,0.25,1
18.4962,71.2283,0.12,0.23,1
18.5036,71.1836,0.73,0.22,2
18.5044,71.227,0.9,0.24,3
18.5451,71.245,0.74,0.27,4
18.5124,71.199,0.14,0.33,2
18.531,71.1584,0.53,0.04,4
18.5039,71.115,0.81,0.25,4
18.4612,71.1274,0.61,0.38,1
18.4636,71.1291,0.98,0.12,2
18.4585,71.1501,0.82,0.06,1
18.4566,71.1094,0.34,0.32,1
18.4318,71.0647,0.99,0.38,4
18.4794,71.0536,0.37,0.01,1
18.4758,71.099,0.24,0.13,2
18.5229,71.1028,0.67,0.48,3
18.5593,71.0738,0.54,0.45,4
18.5252,71.091,0.47,0.19,3
18.5087,71.1358,0.54,0.18,3
18.5157,71.1039,0.41,0.35,2
18.5066,71.1389,0.82,0.33,5
18.5069,71.1598,0.8,0.34,2
18.5508,71.1956,0.38,0.24,1
18.5618,71.2173,0.29,0.49,5
18.5141,71.22,0.98,0.37,1
18.522,71.1989,0.83,0.19,5
18.5398,71.1569,0.57,0.44,1
18.4899,71.1358,0.27,0.32,1
18.4555,71.1676,0.53,0.22,2
18.4509,71.1678,0.76,0.22,2
18.4875,71.2163,0.19,0.27,5
18.4616,71.2447,0.15,0.49,5
18.4437,71.2332,0.99,0.48,4
18.4538,71.1939,0.98,0.49,1
18.4174,71.1738,0.8,0.36,3
18.4664,71.1614,0.71,0.24,2
18.4714,71.1204,0.81,0.47,1
18.5144,71.1702,0.97,0.37,4
18.4825,71.125,0.44,0.36,4
18.518,71.1737,0.31,0.23,5
18.5168,71.2036,0.23,0.44,4
18.5235,71.2162,0.23,0.41,4
18.5098,71.173,0.3,0.13,3
18.5169,71.1235,0.83,0.41,3
18.4821,71.1027,0.77,0.31,5
18.5197,71.068,0.2,0.1,5
18.5181,71.0892,0.35,0.07,3
18.532,71.1352,0.78,0.17,1
18.4913,71.1104,0.77,0.04,3
18.5334,71.0966,0.21,0.09,5
18.4843,71.0953,0.31,0.37,4
18.4477,71.0515,0.53,0.41,3
18.4734,71.0525,0.94,0.4,1
18.5085,71.0358,0.97,0.34,4
18.558,71.0635,0.59,0.46,3
18.5543,71.0494,0.69,0.08,4
18.5498,71.048,1.0,0.35,5
18.52,71.0099,0.7,0.13,2
18.529,71.0525,0.58,0.41,1
18.5168,71.0414,0.29,0.45,4
18.4895,71.0552,0.45,0.36,4
18.4402,71.0441,0.64,0.35,2
18.4324,71.0175,0.4,0.33,5
18.3898,71.0444,0.11,0.35,2
18.3893,71.0071,0.67,0.24,2
18.3899,71.0126,0.63,0.48,4
18.3966,71.0398,0.57,0.36,3
18.4322,71.0718,0.54,0.31,3
18.4319,71.1144,0.58,0.33,4
18.396,71.1197,0.72,0.11,1
18.4351,71.1032,0.71,0.48,3
18.4011,71.1163,0.52,0.14,3
18.4041,71.0858,0.57,0.19,2
18.3807,71.0611,0.38,0.31,2
18.4279,71.1085,0.36,0.49,1
18.3817,71.0861,0.26,0.3,3
18.3656,71.0564,0.91,0.39,4
18.3455,71.0439,0.49,0.15,1
18.3572,71.0812,0.28,0.2,2
18.3117,71.1062,0.77,0.49,4
18.262,71.14,0.14,0.2,5
18.2784,71.1468,0.42,0.05,3
18.3191,71.105,0.43,0.42,5
18.3542,71.1188,0.39,0.21,4
18.3394,71.0732,0.22,0.4,3
18.3582,71.0911,0.84,0.35,2
18.3275,71.0844,0.36,0.38,2
18.303,71.0366,0.34,0.33,3
18.3454,71.0681,0.77,0.33,2
18.3383,71.0723,0.88,0.49,4
18.3539,71.0666,0.7,0.38,1
18.4011,71.0318,0.49,0.12,2
18.4376,71.0384,0.53,0.14,2
18.4407,71.0273,0.34,0.05,2
18.4898,71.0632,0.56,0.38,2
18.5132,71.0257,0.13,0.35,5
18.5184,70.9797,0.5,0.32,4
18.566,70.9838,0.99,0.06,3
18.5692,71.0022,0.6,0.31,2
18.5721,71.0049,0.62,0.18,2
18.5585,70.9852,0.49,0.01,1
18.5544,70.9765,0.15,0.35,3
18.5616,71.0138,0.82,0.23,4
18.6063,71.0613,0.79,0.27,4
18.5958,71.0647,0.7,0.16,3
18.6251,71.1083,0.34,0.0,3
18.5852,71.0932,0.42,0.18,2
18.5481,71.0804,0.53,0.09,2
18.5086,71.1005,0.27,0.14,2
18.4876,71.0802,0.74,0.09,3
18.499,71.0776,0.62,0.5,4
18.4698,71.0833,0.3,0.5,1
18.4494,71.0483,0.56,0.24,3
18.478,71.0342,0.34,0.08,3
18.484,70.9955,0.42,0.2,5
18.4642,71.0453,0.6,0.07,5
18.4402,71.0845,0.4,0.32,5
18.4394,71.0864,0.74,0.42,2
18.4235,71.1137,0.7,0.36,4
18.4543,71.075,0.68,0.13,5
18.4221,71.0541,0.62,0.19,2
18.3759,71.0556,0.93,0.28,3
18.3319,71.0816,0.65,0.26,1
18.3266,71.0522,0.42,0.21,2
18.3504,71.0214,0.59,0.33,1
18.3684,71.0521,0.43,0.17,1
18.3807,71.0518,0.38,0.18,5
18.3765,71.0173,0.53,0.1,5
18.3917,71.0606,0.51,0.18,2
18.3651,71.0764,0.21,0.02,5
18.3461,71.0632,0.77,0.44,2
18.3544,71.0669,0.44,0.29,2
18.3742,71.0771,0.43,0.35,5
18.3552,71.1164,0.36,0.29,3
18.324,71.1374,0.38,0.23,3
18.296,71.134,0.87,0.3,3
18.2996,71.127,0.59,0.36,4
18.3447,71.0956,0.91,0.19,1
18.3908,71.1221,0.89,0.09,4
18.4385,71.1559,0.42,0.31,2
18.4559,71.1378,0.69,0.19,1
18.503,71.0898,0.66,0.25,2
18.493,71.073,0.53,0.07,5
18.5231,71.0684,0.28,0.29,4
18.5641,71.043,0.94,0.16,4
18.6012,70.9979,0.81,0.14,1
18.5801,71.0386,0.11,0.31,1
18.5309,71.0317,0.7,0.38,1
18.5445,71.0069,0.83,0.2,2
18.5556,70.9973,0.68,0.47,3
18.6048,70.9772,0.76,0.07,1
18.5731,70.9802,0.93,0.48,4
18.5269,70.9599,0.27,0.01,4
18.483,70.9644,0.35,0.36,5
18.4719,70.962,0.56,0.41,4
18.4652,70.9482,0.7,0.45,1
18.4265,70.944,0.92,0.16,1
18.4342,70.9384,0.18,0.3,1
18.464,70.9727,0.64,0.41,4
18.5079,70.963,0.99,0.16,5
18.4984,70.9874,0.74,0.36,3
18.449,70.9864,0.91,0.45,4
18.4742,70.9688,0.28,0.42,3
18.4345,70.9293,0.64,0.07,4
18.4309,70.9053,0.38,0.01,5
18.4637,70.894,0.71,0.4,3
18.4762,70.8884,0.19,0.48,1
18.5128,70.8394,0.87,0.4,1
18.5149,70.7897,0.81,0.16,1
18.5627,70.7829,0.92,0.08,3
18.5146,70.8288,0.73,0.26,2
18.4857,70.8139,0.63,0.47,2
18.5066,70.7991,0.4,0.49,4
18.5548,70.777,0.7,0.17,3
18.5467,70.743,0.98,0.47,4
18.5107,70.7338,0.57,0.14,4
18.4719,70.6941,0.1,0.43,1
18.4794,70.6684,0.34,0.48,2
18.4831,70.6758,0.76,0.5,1
18.4814,70.6764,0.76,0.27,4
18.4828,70.7128,0.21,0.08,2
18.478,70.6755,0.33,0.21,4
18.5223,70.6943,0.37,0.23,2
18.5563,70.694,0.63,0.18,4
18.5069,70.7061,0.97,0.47,1
18.5386,70.7365,0.9,0.18,1
18.5446,70.7574,0.38,0.18,2
18.52,70.7649,0.43,0.08,1
18.5368,70.7429,0.4,0.24,2
18.5721,70.7267,0.92,0.26,3
18.5854,70.7374,0.74,0.39,1
18.5788,70.7677,0.39,0.22,1
18.5776,70.7765,0.35,0.26,5
18.5879,70.8109,0.99,0.13,4
18.6337,70.8287,0.26,0.3,3
18.5981,70.8457,0.33,0.36,1
18.6331,70.8051,0.36,0.16,2
18.5968,70.7584,0.87,0.42,1
18.6458,70.7459,0.2,0.45,1
18.6005,70.7648,0.46,0.04,3
18.6388,70.7894,0.56,0.41,5
18.5918,70.8247,0.73,0.49,1
18.6407,70.8104,0.12,0.27,5
18.6679,70.8582,0.55,0.07,5
18.6349,70.877,0.17,0.29,1
18.5961,70.8608,0.79,0.2,2
18.6141,70.871,0.65,0.22,3
18.594,70.8969,0.17,0.48,4
18.571,70.9114,0.81,0.43,1
18.5393,70.8982,0.59,0.28,4
18.5042,70.934,0.38,0.22,3
18.5301,70.9582,0.5,0.36,4
18.5609,70.9873,0.8,0.26,1
18.5682,71.0114,0.31,0.38,5
18.5763,71.0378,0.53,0.15,1
18.5838,71.027,0.99,0.03,4
18.5786,71.0659,0.11,0.09,2
18.5548,71.0494,0.59,0.44,4
18.5851,71.0075,0.19,0.23,1
18.632,70.9816,0.63,0.05,1
18.6626,70.9923,0.13,0.42,3
18.6575,70.9653,0.27,0.27,5
18.6189,70.9583,0.47,0.0,1
18.6603,70.9113,0.56,0.3,2
18.6338,70.9121,0.46,0.28,5
18.6141,70.9001,0.19,0.05,1
18.5907,70.8716,0.31,0.29,4
18.5853,70.9085,0.89,0.01,3
18.5555,70.9495,0.55,0.12,4
18.5461,70.9722,0.39,0.41,5
18.531,70.9561,0.9,0.04,4
18.5042,70.9689,0.75,0.17,5
18.4861,70.9462,0.66,0.14,3
18.5162,70.9395,0.44,0.34,2
18.5001,70.9191,0.58,0.39,3
18.4502,70.951,0.13,0.21,3
18.4886,70.9658,0.18,0.22,4
18.5069,70.9771,0.85,0.2,3
18.5068,71.0089,0.84,0.03,3
18.4799,71.0292,0.59,0.16,2
18.502,71.0376,0.34,0.24,5
18.4864,70.9962,0.23,0.39,4
18.4481,70.9509,0.18,0.44,3
18.3984,70.9071,0.87,0.09,2
18.4405,70.9212,0.6,0.47,3
18.4675,70.9167,0.48,0.18,1
18.4312,70.9362,0.71,0.38,2
18.4397,70.9544,0.93,0.49,2
18.4355,70.979,0.93,0.27,5
18.3962,70.9467,0.17,0.23,3
18.3636,70.9067,0.28,0.23,1
18.3944,70.8752,0.25,0.41,3
18.3478,70.8269,0.18,0.29,5
18.3639,70.8316,0.68,0.41,4
18.3148,70.8348,0.66,0.07,3
18.3618,70.7976,0.32,0.17,3
18.3656,70.8473,0.68,0.45,3
18.3536,70.889,0.53,0.45,3
18.3948,70.8912,0.1,0.5,2
18.3906,70.8894,0.42,0.2,3
18.3653,70.8571,0.15,0.35,2
18.3635,70.8119,0.48,0.07,5
18.4076,70.8355,0.66,0.29,4
18.4469,70.8829,0.11,0.21,2
18.4444,70.8613,0.93,0.44,4
18.4283,70.8338,0.74,0.03,1
18.4053,70.8013,0.53,0.05,2
18.3613,70.8504,0.62,0.47,4
18.4004,70.8434,0.7,0.45,3
18.3988,70.8224,0.66,0.19,4
18.4215,70.8677,0.52,0.08,2
18.4376,70.88,0.11,0.16,4
18.4311,70.8994,0.29,0.46,4
18.4488,70.8706,0.18,0.41,5
18.4798,70.8738,0.61,0.12,4
18.4728,70.8692,0.17,0.39,1
18.5196,70.8449,0.98,0.3,2
18.5694,70.8539,0.17,0.47,5
18.5842,70.8292,0.3,0.06,4
18.5389,70.8734,0.64,0.4,2
18.5046,70.8654,0.57,0.17,4
18.5317,70.8935,1.0,0.3,1
18.5176,70.9078,0.69,0.38,3
18.4791,70.9253,0.51,0.41,2
18.4328,70.9234,0.78,0.25,5
18.4071,70.8783,0.24,0.28,3
18.428,70.8462,0.21,0.36,4
18.4278,70.8189,0.76,0.38,3
18.3942,70.803,0.12,0.13,1
18.4013,70.8015,0.42,0.44,4
18.4353,70.7627,0.21,0.17,2
18.4189,70.7816,0.6,0.1,4
18.4078,70.8262,0.32,0.36,2
18.4384,70.864,0.53,0.13,2
18.4503,70.8968,0.14,0.24,1
18.4662,70.9071,0.17,0.08,1
18.4248,70.9375,0.16,0.24,5
18.4225,70.8996,0.35,0.37,1
18.437,70.8814,0.32,0.03,1
18.4111,70.9155,0.7,0.23,3
18.3633,70.9068,0.21,0.26,1
18.3468,70.8709,0.79,0.11,5
18.3887,70.841,0.68,0.47,1
18.3998,70.8449,0.24,0.09,4
18.3855,70.8077,0.99,0.02,5
18.434,70.8535,0.5,0.18,2
18.4798,70.8999,0.89,0.03,1
18.4901,70.877,0.66,0.02,4
18.4952,70.9158,0.89,0.02,3
18.5014,70.9539,0.22,0.48,3
18.4914,70.992,0.23,0.19,5
18.4677,70.9528,0.66,0.28,2
18.4704,70.9233,0.87,0.47,5
18.4827,70.951,0.88,0.2,2
18.4705,70.9548,0.75,0.32,2
18.4406,70.9905,0.74,0.06,5
18.4103,70.9984,0.12,0.01,2
18.4562,71.0131,0.86,0.46,3
18.5047,71.0383,0.3,0.05,5
18.4744,71.0652,0.94,0.22,5
18.4274,71.0453,0.46,0.14,1
18.3829,71.0038,0.46,0.49,2
18.3763,71.0526,0.94,0.17,5
18.357,71.0338,1.0,0.42,4
18.3437,70.9928,0.95,0.25,3
18.338,70.9447,0.54,0.03,1
18.3102,70.943,0.75,0.3,4
18.3046,70.9595,0.49,0.48,3
18.2812,70.9179,0.58,0.4,2
18.2933,70.9348,0.65,0.42,1
18.3019,70.936,0.92,0.09,4
18.3001,70.9791,0.51,0.16,4
18.2565,71.0178,0.72,0.37,5
18.2527,71.0365,0.28,0.41,5
18.2703,71.0518,0.47,0.07,5
18.2748,71.0696,0.77,0.3,5
18.2369,71.0285,0.83,0.46,1
18.2302,71.0706,0.27,0.33,1
18.2112,71.0451,0.33,0.31,4
18.1731,71.0811,0.82,0.13,3
18.1599,71.0877,0.77,0.23,1
18.15,71.0827,0.41,0.19,4
18.1032,71.1074,0.86,0.11,3
18.0984,71.0608,0.43,0.11,3
18.114,71.0429,0.4,0.38,1
18.1561,71.0475,0.15,0.41,1
18.1412,71.0932,0.52,0.25,4
18.1302,71.1124,0.36,0.28,3
18.1377,71.0993,0.3,0.31,5
18.0979,71.0703,0.6,0.26,3
18.0968,71.0221,0.26,0.4,5
18.1047,70.9888,0.13,0.03,1
18.0654,71.0277,0.23,0.18,3
18.0204,70.998,0.65,0.37,4
18.0364,70.9845,0.26,0.08,5
18.0567,71.0002,0.88,0.01,3
18.0137,70.9631,0.2,0.21,5
18.0466,70.9436,0.86,0.19,3
18.0447,70.9682,0.29,0.47,3
18.0436,70.9477,0.89,0.12,2
18.0908,70.9926,0.38,0.33,3
18.1399,70.9792,0.89,0.5,1
18.0965,70.9686,0.44,0.32,3
18.1179,70.9656,0.61,0.15,2
18.0706,70.97,0.63,0.09,5
18.0742,71.01,0.82,0.17,3
18.0889,71.027,0.48,0.31,3
18.0741,71.0515,0.22,0.07,5
18.0756,71.0116,0.97,0.04,1
18.0994,71.0322,0.68,0.24,1
18.0557,70.9932,0.7,0.44,4
18.0872,70.9602,0.88,0.32,5
18.0684,70.9557,0.7,0.01,5
18.0411,70.9521,0.82,0.31,1
17.9927,70.9824,0.18,0.16,5
17.9444,70.956,0.49,0.16,2
17.9178,70.9497,0.97,0.37,4
17.9628,70.9588,0.66,0.03,3
18.0039,70.9628,0.42,0.38,4
17.9878,70.9316,0.91,0.35,1
17.9936,70.954,0.42,0.38,3
17.9449,70.9047,0.58,0.48,4
17.951,70.9493,0.11,0.07,2
17.9063,70.9887,0.1,0.47,1
17.894,71.006,0.87,0.3,4
17.8748,71.0352,0.59,0.19,4
17.8255,71.0218,0.35,0.07,4
17.8342,70.9796,0.72,0.05,3
17.8228,70.9882,0.9,0.32,3
17.7964,70.9816,0.93,0.1,4
17.7733,70.9549,0.7,0.02,1
17.8111,70.9804,0.38,0.37,5
17.8544,70.9697,0.61,0.15,4
17.894,70.9463,0.99,0.3,5
17.8647,70.9383,0.44,0.4,3
17.8836,70.979,0.47,0.22,1
17.8869,71.0045,0.4,0.33,3
17.8733,71.0535,0.98,0.12,1
17.8913,71.0561,0.48,0.4,5
17.9117,71.0676,0.96,0.05,5
17.9408,71.1166,0.67,0.01,1
17.9666,71.0866,0.97,0.28,5
18.0001,71.0498,0.7,0.39,5
17.9569,71.0508,0.3,0.48,3
17.9605,71.0506,0.76,0.14,2
17.9861,71.0757,0.62,0.19,3
17.9901,71.1007,0.8,0.14,2
17.9926,71.1441,0.4,0.2,3
18.0168,71.1275,0.33,0.2,2
17.9728,71.1672,0.75,0.11,2
17.9836,71.1652,0.31,0.12,3
17.9531,71.1359,0.13,0.08,4
17.9936,71.1811,0.82,0.09,3
17.9948,71.2014,0.28,0.5,5
17.9721,71.1577,0.27,0.2,1
17.9758,71.1899,0.84,0.47,1
17.9388,71.2336,0.36,0.06,3
17.9659,71.2717,0.26,0.1,2
17.9701,71.2809,0.46,0.29,4
17.9211,71.3222,0.68,0.5,3
17.9105,71.3428,0.63,0.16,2
17.9217,71.3475,0.89,0.1,1
17.9006,71.3387,0.14,0.29,5
17.8705,71.3848,0.74,0.15,1
17.8832,71.4047,0.68,0.07,3
17.842,71.396,0.81,0.35,3
17.8631,71.3873,0.65,0.18,5
17.8473,71.4367,0.71,0.08,3
17.8014,71.4014,0.91,0.29,5
17.8303,71.3637,0.89,0.44,2
17.863,71.3596,0.7,0.26,5
17.8868,71.3769,0.95,0.36,1
17.9283,71.3418,0.79,0.31,3
17.9759,71.3176,0.46,0.4,2
17.9473,71.327,0.72,0.02,3
17.9039,71.3158,0.15,0.3,5
17.8567,71.2941,0.67,0.16,4
17.8169,71.2508,0.57,0.05,3
17.7863,71.3001,0.71,0.27,5
17.7987,71.2879,0.72,0.38,1
17.769,71.282,0.35,0.22,2
17.7475,71.329,0.8,0.0,4
17.7871,71.305,0.64,0.49,1
17.7626,71.3015,0.49,0.48,2
17.7962,71.2692,0.97,0.49,2
17.7984,71.2288,0.59,0.49,4
17.8173,71.2578,0.63,0.31,1
17.7933,71.2166,0.98,0.03,5
17.8319,71.2472,0.55,0.37,5
17.8522,71.2397,0.58,0.18,4
17.8111,71.2003,0.5,0.49,1
17.7715,71.1763,0.77,0.26,1
17.786,71.2231,0.97,0.25,4
17.7422,71.1817,0.99,0.28,1
17.6933,71.2037,0.98,0.12,2
17.719,71.2138,0.34,0.12,2
17.7389,71.2014,0.33,0.09,5
17.7136,71.2455,0.96,0.22,3
17.7202,71.238,0.5,0.3,5
17.7691,71.2189,0.62,0.16,2
17.7371,71.1824,0.75,0.41,3
17.7171,71.1763,0.45,0.42,2
17.7561,71.1847,0.43,0.32,3
17.7065,71.1486,0.6,0.38,5
17.695,71.1151,0.32,0.43,3
17.6703,71.1548,0.63,0.21,1
17.6322,71.1299,0.62,0.46,4
17.657,71.1667,0.98,0.46,3
17.706,71.1358,0.34,0.37,1
17.6667,71.1088,0.23,0.22,4
17.6832,71.0993,0.46,0.04,4
17.6823,71.1338,0.12,0.4,1
17.6545,71.1525,0.16,0.11,5
17.6684,71.1985,0.45,0.1,1
17.6774,71.1859,0.99,0.03,1
17.6967,71.1546,0.3,0.45,5
17.672,71.1216,0.59,0.34,5
17.6983,71.1194,0.93,0.15,3
17.7073,71.0695,0.92,0.03,2
17.7256,71.0422,0.34,0.16,4
17.7719,71.0187,0.19,0.44,5
17.7352,70.9745,0.75,0.3,3
17.7016,70.9596,0.39,0.04,4
17.66,71.0059,0.61,0.15,3
17.7091,71.0408,0.91,0.47,4
17.7081,71.0388,0.79,0.45,2
17.7085,71.0788,0.8,0.09,2
17.7395,71.0946,0.15,0.28,4
17.784,71.1334,0.56,0.38,3
17.7367,71.1504,0.62,0.39,2
17.69,71.1006,0.29,0.36,5
17.7047,71.0952,0.92,0.13,3
17.6779,71.0853,0.17,0.12,2
17.6402,71.0865,0.54,0.14,1
17.6745,71.0609,0.51,0.42,2
17.6978,71.0202,0.13,0.36,2
17.6731,70.996,0.67,0.14,3
17.6727,71.0128,0.97,0.34,4
17.6676,71.0327,0.33,0.42,3
17.6392,70.9939,0.91,0.08,1
17.5973,71.0093,0.67,0.12,2
17.5787,70.9713,0.66,0.01,1
17.6227,70.9571,0.59,0.37,1
17.5977,70.9698,0.62,0.24,5
17.6322,70.9341,0.48,0.33,5
17.6564,70.9705,0.62,0.45,4
17.6124,70.9813,0.67,0.1,3
17.6156,70.971,0.89,0.22,3
17.6451,70.9431,0.25,0.27,3
17.6332,70.9533,0.68,0.25,1
17.6336,70.9736,0.52,0.09,4
17.6029,70.9926,0.73,0.38,4
17.575,71.0064,0.73,0.32,1
17.5903,70.9686,0.84,0.15,3
17.5633,70.9204,0.36,0.32,2
17.5302,70.9425,0.43,0.31,5
17.5644,70.9692,0.57,0.11,5
17.6034,71.0006,0.66,0.46,2
17.6261,71.037,0.44,0.01,2
17.661,71.0854,0.51,0.36,3
17.6854,71.1072,0.13,0.35,1
17.6634,71.1562,0.35,0.05,2
17.6946,71.2021,0.69,0.41,4
17.7145,71.1926,0.37,0.26,4
17.7356,71.1847,0.61,0.03,4
17.785,71.1618,0.29,0.1,5
17.7649,71.1549,0.74,0.03,4
17.8113,71.127,0.35,0.11,4
17.8414,71.1376,0.98,0.21,2
17.8406,71.1221,0.92,0.21,1
17.8705,71.0917,0.88,0.49,3
17.8843,71.077,0.94,0.33,3
17.8814,71.0301,0.44,0.49,1
17.8573,70.9989,0.18,0.49,2
17.8559,70.9527,0.54,0.43,5
17.8372,70.9195,0.14,0.2,2
17.8578,70.9477,0.75,0.26,4
17.8133,70.9695,0.61,0.16,4
17.8594,70.991,0.23,0.26,4
17.8301,70.9602,0.44,0.46,1
17.799,70.9856,0.59,0.14,5
17.758,71.0281,0.22,0.44,5
17.7765,70.9889,0.9,0.4,2
17.7492,70.9958,0.13,0.42,5
17.7969,71.0121,0.22,0.39,4
17.7667,70.9921,0.95,0.42,5
17.8137,70.9505,0.82,0.13,1
17.7724,70.9894,0.58,0.19,3
17.7234,70.9869,0.37,0.08,3
17.7646,70.9758,0.43,0.4,4
17.7899,71.0001,0.97,0.3,1
17.7711,71.0107,0.38,0.5,1
17.7217,70.9976,0.27,0.21,1
17.7041,71.0266,0.65,0.32,4
17.7488,71.0358,0.77,0.3,4
17.7605,71.0108,0.13,0.39,1
17.7575,71.021,0.7,0.11,5
17.732,71.0518,0.36,0.27,3
17.778,71.0161,0.58,0.47,3
17.8025,71.0286,0.38,0.04,3
17.7765,71.0627,0.78,0.27,1
17.7287,71.0636,0.81,0.01,3
17.7171,71.0927,0.17,0.2,5
17.7401,71.1009,0.61,0.0,4
17.6919,71.1365,0.18,0.05,2
17.6462,71.1832,0.28,0.13,1
17.6178,71.2026,0.26,0.31,3
17.5916,71.2287,0.77,0.39,5
17.5588,71.2434,0.79,0.19,5
17.5967,71.2179,0.7,0.47,5
17.6467,71.2078,0.25,0.44,1
17.649,71.1645,0.24,0.31,2
17.6443,71.191,0.87,0.13,4
17.6648,71.1523,0.11,0.03,5
17.6741,71.11,0.23,0.49,5
17.6569,71.0783,0.22,0.22,3
17.6846,71.106,0.39,0.21,1
17.6702,71.0822,0.99,0.08,3
17.6353,71.0637,0.2,0.14,4
17.6305,71.0777,0.91,0.1,3
17.6285,71.1061,0.3,0.19,2
17.6283,71.1548,0.94,0.09,5
17.6202,71.1922,0.37,0.35,1
17.661,71.1613,0.52,0.37,2
17.695,71.1771,0.13,0.03,3
17.7421,71.1461,0.73,0.07,4
17.7408,71.1924,0.8,0.18,5
17.7406,71.1625,0.48,0.15,1
17.7159,71.2,0.7,0.37,3
17.7566,71.2246,0.99,0.26,1
17.7389,71.2445,0.54,0.06,4
17.7386,71.2666,0.34,0.4,2
17.7619,71.2263,0.25,0.43,3
17.7863,71.2076,0.85,0.43,2
17.8217,71.2467,0.97,0.32,4
17.8443,71.2392,0.48,0.11,5
17.8589,71.2334,0.26,0.25,1
17.8688,71.2709,0.26,0.34,5
17.8646,71.3024,0.73,0.05,1
17.8176,71.3475,0.75,0.27,1
17.8134,71.3971,0.66,0.3,5
17.7647,71.4036,0.32,0.41,4
17.8097,71.4248,0.92,0.49,4
17.7754,71.378,0.77,0.24,4
17.79,71.4086,0.29,0.38,5
17.7676,71.3862,0.92,0.28,1
17.7958,71.3668,0.27,0.3,1
17.8236,71.3331,0.45,0.01,2
17.8544,71.3124,0.2,0.29,4
17.8237,71.3548,0.54,0.16,5
17.8634,71.3298,0.3,0.22,5
17.8195,71.356,0.14,0.42,4
17.7841,71.3924,0.71,0.06,4
17.7619,71.3963,0.9,0.45,1
17.7409,71.4022,0.13,0.41,2
17.7831,71.3991,0.89,0.48,3
17.8054,71.3869,0.53,0.37,5
17.8535,71.3803,0.92,0.24,4
17.8178,71.3352,0.24,0.34,2
17.7921,71.3584,0.9,0.14,1
17.8025,71.3303,0.29,0.05,2
17.8272,71.3558,0.8,0.25,5
17.8081,71.3615,0.16,0.27,2
17.8212,71.3846,0.88,0.32,3
17.7908,71.4124,0.88,0.11,5
17.7714,71.3936,0.42,0.2,5
17.7414,71.3528,0.4,0.25,3
17.7327,71.3595,0.18,0.4,5
17.7417,71.3881,0.83,0.23,5
17.7569,71.403,0.39,0.43,5
17.7167,71.4125,0.95,0.2,1
17.7007,71.4326,0.95,0.18,1
17.6694,71.4476,0.31,0.01,2
17.6636,71.4255,0.72,0.4,1
17.6561,71.443,0.46,0.46,4
17.6245,71.4014,0.78,0.13,5
17.6182,71.4293,0.59,0.39,4
17.5871,71.4718,0.19,0.45,1
17.6042,71.4644,0.79,0.21,2
17.5578,71.4384,0.17,0.05,1
17.5997,71.3942,0.83,0.08,1
17.6174,71.3747,0.26,0.04,3
17.5923,71.3894,0.11,0.23,2
17.6017,71.4107,0.33,0.08,3
17.6212,71.4418,0.22,0.43,4
17.5911,71.4529,0.36,0.32,3
17.5583,71.4433,0.79,0.1,4
17.5374,71.4219,0.9,0.22,4
17.565,71.463,0.84,0.1,5
17.6112,71.5102,0.26,0.0,4
17.657,71.5553,0.85,0.18,4
17.6981,71.5601,0.74,0.3,3
17.67,71.5752,0.17,0.02,4
17.6335,71.5253,0.52,0.18,1
17.5859,71.5249,0.83,0.45,2
17.5782,71.561,0.65,0.17,1
17.5992,71.5433,0.91,0.25,4
17.5691,71.5629,0.85,0.07,1
17.5608,71.548,0.45,0.01,1
17.5822,71.5362,0.37,0.34,4
17.6143,71.4914,0.75,0.15,1
17.6031,71.5322,0.27,0.38,3
17.6073,71.5562,0.73,0.26,2
17.6159,71.5351,0.32,0.07,3
17.6023,71.5163,1.0,0.47,2
17.575,71.5239,0.97,0.47,1
17.5936,71.5393,0.53,0.21,4
17.5847,71.5019,0.35,0.08,1
17.559,71.5219,0.44,0.31,1
17.5752,71.5611,0.5,0.35,1
17.5424,71.5406,1.0,0.19,4
17.5279,71.5523,0.27,0.14,4
17.5414,71.5741,0.76,0.18,5
17.5438,71.6005,0.76,0.48,2
17.4975,71.6155,0.58,0.07,4
17.5113,71.6216,0.39,0.19,4
17.4855,71.5869,0.88,0.37,1
17.46,71.6233,0.91,0.08,5
17.4209,71.6408,0.98,0.43,4
17.4432,71.672,0.77,0.34,4
17.4804,71.6314,0.78,0.3,5
17.5175,71.6649,0.51,0.07,5
17.5424,71.6479,0.29,0.19,2
17.5506,71.6494,0.99,0.41,1
17.5651,71.6238,0.75,0.48,3
17.5469,71.6106,0.34,0.19,2
17.5317,71.6024,0.51,0.18,5
17.5373,71.6038,0.52,0.08,4
17.5429,71.6335,0.99,0.04,1
17.5216,71.6455,0.98,0.09,5
17.4751,71.6051,0.65,0.1,3
17.4866,71.6019,0.96,0.21,5
17.4981,71.5562,0.3,0.06,5
17.548,71.5757,0.93,0.33,4
17.5854,71.6195,0.69,0.02,5
17.5886,71.5717,0.32,0.06,3
17.5842,71.5942,0.88,0.0,2
17.584,71.5748,0.29,0.37,2
17.5624,71.5579,0.36,0.22,2
17.5325,71.5869,0.38,0.49,5
17.5234,71.5987,0.88,0.45,4
17.5432,71.5549,0.61,0.45,5
17.5862,71.5596,0.26,0.16,3
17.6183,71.5391,0.2,0.25,2
17.5907,71.5402,0.64,0.35,5
17.5449,71.515,0.34,0.13,1
17.5929,71.4795,0.34,0.49,5
17.6214,71.5189,0.41,0.46,4
17.6504,71.5646,0.81,0.43,3
17.66,71.542,0.88,0.12,5
17.6706,71.5774,0.37,0.47,5
17.6655,71.5313,0.25,0.25,2
17.6728,71.5419,0.81,0.11,4
17.7059,71.5189,0.79,0.1,2
17.7466,71.5622,0.81,0.28,2
17.7946,71.5679,0.23,0.47,3
17.8186,71.5823,0.22,0.0,4
17.7973,71.6242,0.35,0.44,1
17.8207,71.6167,0.69,0.19,2
17.8616,71.6274,0.6,0.2,1
17.9056,71.6223,0.86,0.01,4
17.8796,71.6388,0.86,0.3,1
17.8665,71.6483,0.61,0.36,1
17.8635,71.6647,0.92,0.5,2
17.8335,71.6328,0.69,0.29,5
17.7939,71.6652,0.65,0.23,2
17.7645,71.6425,0.94,0.11,4
17.7331,71.5949,0.55,0.15,2
17.7674,71.5658,0.91,0.24,4
17.768,71.5625,0.12,0.13,3
17.7516,71.555,0.7,0.05,3
17.7269,71.5963,0.26,0.28,5
17.7713,71.6451,0.64,0.21,3
17.7306,71.6183,0.42,0.4,1
17.6932,71.6618,0.63,0.35,1
17.6559,71.6591,0.92,0.36,3
17.6419,71.6925,0.81,0.47,3
17.6375,71.6827,0.37,0.28,3
17.6212,71.7198,0.82,0.47,5
17.6264,71.7269,0.61,0.2,4
17.6102,71.7508,0.82,0.41,3
17.6168,71.7246,0.28,0.48,3
17.5809,71.7177,0.49,0.34,1
17.5479,71.7565,0.61,0.27,4
17.5787,71.7466,0.94,0.21,2
17.5977,71.7861,0.18,0.16,3
17.5728,71.7482,0.64,0.27,5
17.5836,71.7588,0.66,0.48,2
17.5534,71.766,0.72,0.1,5
17.5579,71.7778,0.45,0.48,3
17.6046,71.7446,0.87,0.19,5
17.6108,71.7483,0.85,0.33,1
17.6408,71.7953,0.37,0.25,4
17.6628,71.8413,0.98,0.3,5
17.6375,71.8592,0.97,0.38,2
17.6818,71.8729,0.52,0.36,1
17.6468,71.9094,0.78,0.22,1
17.6458,71.8696,0.43,0.03,2
17.6741,71.8857,0.82,0.37,3
17.715,71.8797,0.41,0.07,5
17.7311,71.8483,0.65,0.31,2
17.777,71.8458,0.77,0.46,5
17.765,71.8192,0.93,0.33,2
17.7397,71.7831,0.85,0.09,5
17.7806,71.7863,0.63,0.24,4
17.8226,71.8048,0.46,0.12,3
17.8362,71.7756,0.45,0.05,4
17.804,71.7917,0.8,0.45,1
17.7859,71.7676,0.71,0.18,3
17.7884,71.7239,0.69,0.06,3
17.7905,71.7016,0.82,0.27,3
17.8336,71.7245,0.19,0.38,2
17.8293,71.7257,0.99,0.39,2
17.8199,71.7571,0.13,0.36,4
17.8613,71.7834,0.77,0.21,5
17.818,71.8282,0.84,0.35,4
17.7964,71.7918,0.12,0.14,4
17.7875,71.8036,0.25,0.17,1
17.7442,71.769,0.18,0.38,2
17.7548,71.735,0.7,0.03,2
17.7654,71.7607,0.53,0.37,3
17.7982,71.7119,0.19,0.47,2
17.7604,71.706,0.59,0.45,2
17.7895,71.7512,0.49,0.23,2
17.7893,71.7471,0.63,0.32,5
17.8175,71.6996,0.62,0.16,4
17.841,71.6788,0.81,0.37,2
17.8352,71.6521,0.19,0.29,5
17.83,71.6961,0.57,0.16,3
17.8141,71.6958,0.1,0.22,2
17.7681,71.6941,0.61,0.01,4
17.8151,71.6798,0.34,0.11,4
17.7727,71.678,0.29,0.28,3
17.7264,71.6596,0.71,0.23,1
17.7681,71.6592,0.7,0.17,1
17.8169,71.6717,0.17,0.45,5
17.7814,71.6617,0.61,0.33,5
17.817,71.6679,0.8,0.45,3
17.7842,71.6913,0.27,0.41,3
17.7594,71.644,0.73,0.25,3
17.7163,71.6723,0.25,0.07,3
17.6799,71.6433,0.65,0.47,5
17.6392,71.6283,0.54,0.01,4
17.5897,71.5925,0.85,0.05,2
17.6345,71.637,0.52,0.48,1
17.6003,71.6474,0.79,0.44,2
17.5999,71.6254,0.44,0.13,5
17.6014,71.5799,0.3,0.4,5
17.5923,71.5556,0.7,0.09,1
17.5526,71.5415,0.31,0.38,2
17.5362,71.5561,0.96,0.31,5
17.566,71.5594,0.68,0.4,2
17.5354,71.5597,0.48,0.39,5
17.487,71.6072,0.73,0.21,1
17.4502,71.6412,0.58,0.25,3
17.4479,71.6682,0.3,0.07,2
17.4311,71.7151,0.73,0.14,3
17.4711,71.6674,0.71,0.07,2
17.4808,71.6186,0.43,0.21,5
17.505,71.5717,0.8,0.25,5
17.5429,71.5844,0.96,0.1,3
17.5819,71.5837,0.62,0.3,2
17.5834,71.6214,0.16,0.46,5
17.5539,71.6328,0.81,0.32,4
17.562,71.6551,0.99,0.02,4
17.6085,71.6132,0.87,0.0,5
17.6224,71.5782,0.66,0.49,5
17.582,71.5646,0.52,0.48,3
17.5739,71.5975,0.89,0.08,2
17.5676,71.6094,0.67,0.22,1
17.5293,71.5995,0.72,0.42,2
17.4952,71.6094,0.73,0.27,1
17.5104,71.5869,0.88,0.27,2
17.5023,71.5913,0.13,0.43,3
17.5004,71.5414,0.67,0.4,1
17.4873,71.5409,0.94,0.45,4
17.4953,71.5754,0.8,0.31,4
17.4992,71.5807,0.93,0.23,2
17.4582,71.5975,0.19,0.1,3
17.4823,71.5519,0.18,0.42,4
17.5116,71.5224,0.4,0.31,4
17.5091,71.522,0.33,0.34,4
17.4868,71.5372,0.16,0.49,3
17.451,71.5069,0.26,0.37,2
17.4554,71.5492,0.9,0.13,3
17.5045,71.5522,0.58,0.03,4
17.4907,71.5315,0.31,0.3,5
17.4866,71.5477,0.53,0.38,1
17.4759,71.5509,0.6,0.41,3
17.4289,71.5571,0.53,0.26,3
17.4221,71.5544,0.71,0.18,1
17.4237,71.5299,0.15,0.1,2
17.4625,71.5776,0.46,0.33,2
17.4445,71.615,0.23,0.22,5
17.4093,71.6513,1.0,0.1,2
17.3642,71.6606,0.15,0.06,5
17.3937,71.6825,0.71,0.36,3
17.3662,71.7265,0.61,0.48,1
17.3818,71.7075,0.17,0.0,5
17.3875,71.6987,0.97,0.17,4
17.345,71.7299,0.55,0.26,3
17.3082,71.6877,0.99,0.09,1
17.3067,71.7099,0.79,0.04,2
17.2618,71.6826,0.67,0.38,1
17.2183,71.6949,0.13,0.25,5
17.2414,71.7051,0.67,0.22,1
17.2001,71.7439,0.46,0.2,1
17.229,71.7686,0.91,0.26,2
17.279,71.7378,0.68,0.39,4
17.2854,71.7344,0.46,0.22,4
17.248,71.6912,0.42,0.45,4
17.2101,71.7366,0.98,0.11,4
17.2361,71.6947,0.87,0.06,1
17.2413,71.7342,0.77,0.02,5
17.2657,71.7552,0.93,0.44,2
17.2629,71.722,0.56,0.05,2
17.249,71.7389,0.5,0.29,1
17.2885,71.6941,0.21,0.31,3
17.3012,71.7238,0.78,0.5,4
17.2633,71.7391,0.38,0.01,3
17.252,71.6983,0.13,0.2,3
17.2586,71.7181,1.0,0.11,5
17.2419,71.726,0.85,0.32,3
17.2686,71.7096,0.44,0.19,5
17.28,71.7362,0.95,0.07,2
17.3228,71.7387,0.76,0.24,2
17.2853,71.6924,0.22,0.34,5
17.3347,71.7338,0.17,0.43,2
17.3693,71.6933,0.63,0.23,2
17.3806,71.6614,0.65,0.41,4
17.3911,71.6362,0.63,0.39,2
17.3921,71.5962,0.92,0.29,4
17.3675,71.5491,0.28,0.12,3
17.3652,71.5615,0.34,0.0,2
17.3828,71.5146,0.27,0.03,2
17.3365,71.4936,0.5,0.2,4
17.3555,71.4861,0.42,0.4,3
17.3472,71.5038,0.43,0.42,5
17.3896,71.478,0.66,0.07,3
17.4306,71.4517,0.61,0.14,2
17.4225,71.4035,0.99,0.3,3
17.3975,71.4463,0.91,0.16,4
17.3941,71.4656,0.14,0.25,4
17.3808,71.5083,0.17,0.4,2
17.3725,71.4901,0.25,0.16,3
17.4117,71.445,0.81,0.47,5
17.4429,71.4556,0.25,0.44,4
17.4595,71.4126,0.29,0.08,5
17.4919,71.3793,0.57,0.35,5
17.4967,71.4188,0.65,0.48,5
17.5352,71.4173,0.41,0.1,4
17.5765,71.4419,0.69,0.14,2
17.5883,71.434,0.61,0.15,2
17.6292,71.4606,0.7,0.33,5
17.6275,71.435,0.11,0.4,4
17.6669,71.4181,0.36,0.44,2
17.6461,71.4097,0.48,0.43,4
17.6794,71.4489,0.44,0.19,1
17.6622,71.4019,0.41,0.17,3
17.6218,71.4088,0.13,0.5,1
17.5778,71.3877,0.1,0.02,1
17.5914,71.3842,0.46,0.41,2
17.553,71.3875,0.88,0.32,1
17.5548,71.4351,0.32,0.25,5
17.5369,71.4059,0.69,0.2,1
17.55,71.4013,0.72,0.21,1
17.5565,71.4484,0.64,0.07,3
17.5954,71.4584,0.13,0.46,5
17.5629,71.42,0.61,0.2,3
17.5863,71.4107,0.51,0.08,3
17.5951,71.4042,0.29,0.38,5
17.5463,71.3841,0.66,0.03,2
17.5912,71.3931,0.24,0.3,5
17.6051,71.4209,0.88,0.41,5
17.569,71.4493,0.37,0.45,2
17.5936,71.4858,0.5,0.17,3
17.6223,71.4365,0.35,0.13,1
17.6627,71.4353,0.16,0.19,2
17.6879,71.4824,0.69,0.27,3
17.7235,71.4609,0.48,0.15,5
17.6753,71.4754,0.95,0.23,4
17.7013,71.4524,0.9,0.41,2
17.7448,71.4629,0.94,0.19,3
17.7682,71.4672,0.7,0.5,3
17.7322,71.484,0.9,0.11,2
17.753,71.4521,0.25,0.08,3
17.7459,71.4149,0.13,0.47,1
17.6972,71.4152,0.11,0.42,4
17.691,71.4229,0.56,0.34,5
17.7034,71.4069,0.99,0.46,4
17.6756,71.4518,0.44,0.27,4
17.6544,71.4335,0.5,0.31,4
17.6517,71.4359,0.78,0.03,3
17.6133,71.4606,0.89,0.24,3
17.5784,71.5056,0.5,0.39,1
17.5714,71.549,0.55,0.23,4
17.575,71.5088,0.81,0.25,1
17.611,71.4861,0.63,0.36,3
17.5661,71.4939,0.63,0.28,4
17.5466,71.4793,0.51,0.24,4
17.5285,71.4589,0.65,0.05,3
17.5286,71.4198,0.45,0.47,1
17.5199,71.379,0.74,0.16,2
17.5595,71.4046,0.28,0.06,3
17.5307,71.4281,0.86,0.45,3
17.5792,71.4425,0.57,0.13,2
17.6058,71.4095,0.94,0.33,1
17.6353,71.4187,0.9,0.45,2
17.5909,71.4476,0.41,0.12,1
17.5491,71.4857,0.43,0.12,1
17.5359,71.5021,0.78,0.21,1
17.556,71.525,0.99,0.22,4
17.6052,71.5561,0.13,0.02,5
17.6178,71.5876,0.57,0.05,4
17.5817,71.6265,0.28,0.38,4
17.6115,71.5801,0.76,0.3,2
17.6363,71.5976,0.87,0.37,3
17.6186,71.5963,0.18,0.07,5
17.6262,71.5464,0.71,0.35,3
17.5843,71.5938,0.46,0.11,2
17.5642,71.622,0.26,0.48,1
17.6045,71.5828,0.82,0.12,5
17.5572,71.6057,0.77,0.08,3
17.5329,71.6048,0.96,0.15,3
17.4943,71.5872,0.39,0.13,4
17.5218,71.5661,0.46,0.08,4
17.551,71.5571,0.14,0.06,4
17.5429,71.5205,0.63,0.32,3
17.5315,71.5434,0.94,0.31,2
17.581,71.534,0.45,0.46,1
17.5648,71.5084,0.81,0.32,4
17.5834,71.4844,0.21,0.16,2
17.5455,71.5248,0.77,0.16,2
17.5578,71.5455,0.46,0.33,5
17.5889,71.5124,0.56,0.07,2
17.5976,71.557,0.29,0.41,1
17.6198,71.5943,0.33,0.13,5
17.5803,71.5738,0.37,0.03,5
17.5481,71.5652,0.4,0.02,5
17.5932,71.6062,0.76,0.41,1
17.6329,71.6306,0.64,0.13,5
17.6326,71.5986,0.48,0.19,2
17.6728,71.5826,0.68,0.34,1
17.635,71.6159,0.11,0.19,5
17.6676,71.5754,0.65,0.17,5
17.6242,71.5412,0.12,0.12,4
17.6642,71.5598,0.24,0.43,2
17.6545,71.576,0.12,0.03,3
17.6756,71.6086,0.56,0.02,5
17.6895,71.6097,0.87,0.08,2
17.7386,71.6426,0.73,0.43,1
17.7166,71.6049,0.1,0.37,5
17.7275,71.585,0.48,0.06,1
17.7599,71.6335,0.7,0.34,1
17.8,71.6539,0.39,0.2,5
17.8003,71.6373,0.65,0.1,4
17.8407,71.6301,0.53,0.34,4
17.8015,71.6397,0.55,0.18,1
17.8211,71.6882,0.3,0.46,5
17.7788,71.6659,0.71,0.04,3
17.741,71.6986,0.9,0.43,1
17.7905,71.6608,0.16,0.21,3
17.7598,71.667,0.5,0.4,4
17.773,71.7128,0.28,0.4,5
17.7237,71.7368,0.52,0.07,3
17.6825,71.7693,0.86,0.21,1
17.684,71.7558,0.15,0.42,4
17.7337,71.7063,0.45,0.31,3
17.7517,71.7437,0.22,0.09,4
17.7435,71.7348,0.98,0.45,1
17.7712,71.7772,0.43,0.49,5
17.7613,71.7938,0.69,0.48,4
17.7811,71.8255,0.69,0.12,5
17.7823,71.8204,0.98,0.43,3
17.8233,71.7873,0.49,0.37,4
17.8506,71.8312,0.8,0.15,3
17.8707,71.7844,0.63,0.24,1
17.9061,71.7388,0.42,0.41,5
17.9018,71.7287,0.14,0.07,3
17.9327,71.7367,0.61,0.16,1
17.8916,71.6966,0.41,0.42,1
17.8606,71.6938,0.4,0.29,4
17.882,71.731,0.6,0.38,5
17.911,71.7466,0.45,0.12,5
17.8702,71.6979,0.86,0.26,5
17.9051,71.679,0.94,0.38,1
17.8654,71.6452,0.58,0.2,2
17.874,71.6552,0.94,0.15,2
17.9187,71.6507,0.43,0.29,2
17.9469,71.6126,0.34,0.2,4
17.9309,71.6023,0.23,0.38,4
17.9684,71.5987,0.5,0.36,2
17.9263,71.6099,0.36,0.37,5
17.9529,71.5846,0.24,0.26,1
17.9398,71.5746,0.76,0.06,3
17.9076,71.624,0.92,0.21,2
17.9242,71.6023,0.71,0.24,2
17.9296,71.6344,0.43,0.15,1
17.9169,71.6669,0.3,0.12,4
17.9036,71.644,0.63,0.28,2
17.8912,71.6821,0.97,0.31,5
17.932,71.6872,0.6,0.18,4
17.8947,71.6846,0.44,0.22,3
17.889,71.6775,0.55,0.28,1
17.9304,71.646,0.87,0.34,3
17.9281,71.5973,0.13,0.35,5
17.9408,71.5774,0.12,0.42,5
17.949,71.6043,0.63,0.47,3
17.9333,71.6308,0.31,0.28,1
17.9592,71.6694,0.92,0.1,2
17.9373,71.6673,0.47,0.35,1
17.9658,71.7054,0.69,0.01,2
17.9436,71.7264,0.35,0.14,4
17.9148,71.7524,0.35,0.34,1
17.899,71.7327,0.27,0.16,2
17.929,71.7256,0.22,0.49,4
17.9242,71.717,0.83,0.22,2
17.9098,71.7612,0.92,0.41,4
17.9291,71.7118,0.25,0.2,3
17.9732,71.71,0.52,0.29,5
17.9618,71.711,0.61,0.27,1
17.9362,71.7008,0.92,0.33,1
17.9327,71.7242,0.98,0.44,1
17.9814,71.7461,0.57,0.15,1
18.0192,71.7658,0.8,0.17,1
18.0074,71.7215,0.86,0.27,4
17.9584,71.7447,0.85,0.11,3
17.9676,71.775,0.39,0.1,2
17.927,71.8243,0.67,0.05,5
17.8976,71.8136,0.63,0.1,1
17.9218,71.8007,0.3,0.23,2
17.8987,71.8304,0.21,0.13,5
17.9154,71.7826,0.2,0.28,3
17.9115,71.8214,0.11,0.15,2
17.9227,71.7918,0.42,0.02,4
17.9404,71.7792,0.2,0.4,3
17.9271,71.7369,0.36,0.13,2
17.933,71.7689,0.69,0.38,5
17.9405,71.8093,0.69,0.22,1
17.9636,71.8225,0.91,0.11,4
17.9876,71.7855,0.96,0.12,5
17.9985,71.797,0.13,0.06,1
18.0133,71.8132,0.93,0.25,4
18.0077,71.8611,0.14,0.44,1
18.0068,71.8223,0.17,0.31,3
18.0247,71.8252,0.42,0.46,2
18.023,71.8172,0.24,0.1,5
17.974,71.785,0.38,0.24,2
18.0054,71.7947,0.57,0.35,2
17.9835,71.7576,0.53,0.04,5
17.9839,71.7294,0.99,0.31,5
17.9681,71.7411,0.2,0.23,4
17.9749,71.7535,0.47,0.19,4
17.9994,71.7568,0.24,0.12,1
18.0254,71.7421,0.8,0.32,1
18.0554,71.7691,0.72,0.07,4
18.0579,71.745,0.61,0.28,5
18.08,71.7846,0.8,0.33,2
18.0421,71.7584,0.95,0.04,4
18.0699,71.8026,0.52,0.28,4
18.0783,71.829,0.6,0.13,1
18.063,71.879,0.23,0.37,4
18.083,71.9143,0.86,0.03,4
18.0914,71.8758,0.83,0.43,4
18.0507,71.9182,0.57,0.09,4
18.0988,71.8803,0.44,0.48,3
18.1291,71.9024,0.79,0.41,2
18.1133,71.8983,0.86,0.0,3
18.138,71.9162,0.9,0.21,4
18.1168,71.923,0.48,0.07,5
18.1249,71.943,0.2,0.28,5
18.1105,71.9026,0.31,0.1,3
18.0798,71.9098,0.21,0.02,3
18.0618,71.9443,0.18,0.07,4
18.0352,71.9472,0.2,0.27,1
18.0232,71.987,0.94,0.09,3
17.9863,71.9733,0.79,0.11,3
17.9956,71.9939,0.95,0.37,5
17.9805,72.0196,0.14,0.09,3
17.9319,71.9697,0.64,0.3,4
17.9614,71.9675,0.59,0.5,2
17.9182,71.9185,0.19,0.4,1
17.8802,71.9071,0.33,0.02,4
17.8921,71.9126,0.36,0.43,3
17.9415,71.9137,0.27,0.02,1
17.9566,71.948,0.58,0.05,1
17.9724,71.989,0.73,0.39,4
17.9362,72.0073,0.68,0.44,5
17.93,71.9656,0.31,0.38,4
17.9739,72.0143,0.38,0.37,2
17.9504,72.0518,0.72,0.04,3
17.9136,72.0941,0.57,0.45,2
17.9402,72.0724,0.95,0.07,2
17.9658,72.1217,0.14,0.13,3
17.9428,72.1273,0.3,0.05,3
17.932,72.1539,0.45,0.34,4
17.9108,72.1533,0.17,0.41,2
17.8763,72.1839,0.97,0.33,2
17.9243,72.1642,0.53,0.2,1
17.9006,72.197,0.86,0.45,4
17.9213,72.1644,0.93,0.03,5
17.8739,72.1281,0.53,0.28,1
17.8404,72.1735,0.84,0.05,1
17.8202,72.1703,0.99,0.11,5
17.8211,72.1818,0.18,0.05,1
17.8192,72.1389,0.17,0.4,3
17.7854,72.1676,0.43,0.19,4
17.7381,72.2041,0.29,0.49,4
17.7768,72.196,0.44,0.1,4
17.7993,72.2098,0.9,0.43,3
17.8062,72.2535,0.45,0.31,1
17.7996,72.2633,0.28,0.34,4
17.8016,72.3104,0.58,0.09,5
17.7811,72.3266,0.66,0.34,3
17.8256,72.3764,0.5,0.28,4
17.7771,72.3964,0.81,0.48,4
17.8146,72.4292,0.7,0.47,3
17.8536,72.4182,0.63,0.11,5
17.8683,72.41,1.0,0.28,3
17.8892,72.4334,0.96,0.36,1
17.8834,72.4737,0.88,0.33,4
17.8811,72.5202,0.12,0.3,1
17.9108,72.5176,0.42,0.09,2
17.8748,72.5522,0.6,0.11,4
17.8363,72.5229,0.49,0.14,4
17.8344,72.5619,0.9,0.14,2
17.8258,72.6023,0.19,0.18,2
17.7885,72.5939,0.68,0.37,1
17.7954,72.6321,0.96,0.32,4
17.8104,72.6821,0.98,0.26,2
17.8593,72.7217,0.84,0.1,2
17.837,72.6948,0.97,0.27,3
17.8457,72.7417,0.17,0.05,5
17.8804,72.7393,0.68,0.09,3
17.8312,72.7829,0.8,0.32,3
17.8414,72.7801,0.68,0.2,2
17.8065,72.7331,0.81,0.04,3
17.8172,72.7453,0.76,0.09,3
17.8573,72.7822,0.49,0.34,4
17.8481,72.7393,0.16,0.21,1
17.8859,72.7335,0.9,0.07,5
17.8473,72.7612,0.84,0.44,5
17.8915,72.7571,0.59,0.34,4
17.9109,72.7984,0.99,0.07,5
17.9341,72.7523,0.25,0.1,1
17.9389,72.712,0.35,0.33,5
17.8983,72.7392,0.43,0.46,4
17.8809,72.7603,0.71,0.22,4
17.9037,72.8093,0.77,0.26,2
17.8955,72.8194,0.78,0.31,5
17.8545,72.8524,0.74,0.42,2
17.9026,72.8577,0.67,0.17,1
17.9081,72.9054,0.16,0.49,4
17.9025,72.8812,0.42,0.18,1
17.9183,72.8792,0.39,0.38,5
17.8924,72.8648,0.77,0.32,1
17.8627,72.8237,0.39,0.11,2
17.8502,72.78,0.26,0.33,1
17.827,72.7455,0.25,0.02,4
17.8611,72.7335,0.35,0.17,2
17.8372,72.7287,0.39,0.35,3
17.8677,72.7118,0.79,0.32,1
17.8931,72.6637,0.44,0.3,3
17.932,72.6856,0.12,0.18,2
17.9018,72.6589,0.12,0.17,1
17.9368,72.6205,0.67,0.25,4
17.9661,72.5876,0.69,0.23,4
17.9968,72.5641,0.85,0.11,3
18.0409,72.5557,0.15,0.0,4
17.9939,72.56,0.43,0.36,2
18.0137,72.5157,0.37,0.11,5
18.0481,72.5644,0.29,0.38,4
18.0589,72.578,1.0,0.18,5
18.036,72.6115,0.33,0.49,4
18.0819,72.587,0.14,0.42,2
18.0954,72.6156,0.63,0.35,2
18.1184,72.6576,0.83,0.26,4
18.1206,72.6674,0.25,0.38,3
18.0993,72.6823,0.67,0.06,4
18.1253,72.7086,0.5,0.26,5
18.1252,72.6975,0.49,0.04,2
18.0929,72.7269,0.52,0.14,4
18.141,72.6895,0.26,0.03,3
18.1316,72.7365,0.47,0.1,5
18.1274,72.6997,0.34,0.47,1
18.1024,72.666,0.27,0.15,2
18.0785,72.6792,0.95,0.15,4
18.0311,72.6295,0.87,0.05,3
18.0583,72.5988,0.35,0.16,4
18.035,72.6209,0.27,0.01,3
18.0197,72.6234,0.58,0.1,1
18.0416,72.6631,0.67,0.15,3
18.0454,72.6311,0.5,0.37,5
18.0055,72.6603,0.39,0.08,1
18.0392,72.6704,0.58,0.14,5
18.0007,72.6444,0.23,0.5,1
18.0237,72.664,0.3,0.16,4
18.0397,72.6735,0.85,0.19,1
18.0219,72.676,0.37,0.05,1
17.9923,72.722,0.96,0.2,2
17.9717,72.7655,0.6,0.47,4
17.9678,72.814,0.46,0.34,1
17.9288,72.8239,0.87,0.26,2
17.947,72.8291,0.31,0.18,1
17.9414,72.8341,0.13,0.38,5
17.894,72.8234,0.61,0.1,3
17.9294,72.8476,0.55,0.4,2
17.9782,72.8083,0.87,0.26,5
17.9772,72.8244,0.24,0.0,1
17.9293,72.8501,0.62,0.41,5
17.8973,72.8877,0.13,0.49,4
17.8872,72.9359,0.21,0.05,2
17.8976,72.9104,0.22,0.29,1
17.9043,72.8738,0.72,0.27,2
17.9107,72.9141,0.77,0.27,1
17.9513,72.8866,0.76,0.42,4
17.932,72.9217,0.44,0.23,4
17.976,72.933,0.52,0.01,5
18.0031,72.8839,0.85,0.31,5
17.9976,72.8591,0.81,0.31,5
18.0052,72.8328,0.12,0.39,5
18.0421,72.7835,0.14,0.17,4
18.0671,72.7478,0.65,0.39,4
18.0821,72.7522,0.99,0.07,3
18.0815,72.7913,0.74,0.05,4
18.0872,72.8007,0.62,0.05,1
18.0594,72.76,0.79,0.42,2
18.0373,72.7277,0.62,0.07,2
18.0842,72.6895,0.77,0.28,3
18.0439,72.7235,0.37,0.28,4
18.0312,72.716,0.64,0.38,3
18.0544,72.7097,0.11,0.22,2
18.0128,72.7024,0.71,0.43,4
18.0099,72.6775,0.22,0.34,4
18.0172,72.6786,0.53,0.28,2
17.9796,72.6744,0.84,0.16,3
17.9441,72.7175,0.59,0.2,1
17.9421,72.6682,0.68,0.37,1
17.893,72.6318,0.57,0.09,1
17.9166,72.5872,0.74,0.19,3
17.9061,72.5548,0.28,0.38,1
17.9316,72.5433,0.82,0.41,3
17.9629,72.5515,0.15,0.39,1
17.9278,72.5928,0.22,0.41,3
17.959,72.5775,0.13,0.44,4
17.9596,72.5402,0.49,0.09,1
17.9441,72.5143,0.6,0.42,4
17.9122,72.5233,0.98,0.34,3
17.9481,72.5541,0.76,0.28,3
17.9446,72.5301,0.63,0.37,1
17.9182,72.5742,0.58,0.34,3
17.958,72.5774,0.63,0.18,5
17.9199,72.5565,0.28,0.11,1
17.9322,72.5998,0.98,0.06,2
17.9745,72.5953,0.54,0.12,2
17.9384,72.5964,0.23,0.48,5
17.9213,72.6268,0.42,0.39,1
17.8902,72.6742,0.31,0.29,3
17.9244,72.6821,0.42,0.38,2
17.8986,72.6404,0.53,0.09,2
17.8537,72.6702,0.39,0.23,5
17.8669,72.7047,0.87,0.32,4
17.8994,72.6846,0.87,0.07,4
17.8696,72.6607,0.37,0.46,2
17.9015,72.6534,0.65,0.34,3
17.9442,72.6495,0.58,0.37,1
17.9563,72.6854,0.63,0.41,1
17.9247,72.7106,0.73,0.37,3
17.9201,72.7299,0.22,0.48,4
17.8878,72.7121,0.41,0.2,3
17.8927,72.6951,0.7,0.12,1
17.9141,72.6579,0.89,0.13,2
17.9557,72.6418,0.7,0.2,4
17.9422,72.6545,0.43,0.47,5
17.9583,72.6294,0.86,0.45,3
17.9184,72.5947,0.36,0.25,2
17.9113,72.5653,0.41,0.05,3
17.9551,72.5753,0.76,0.29,4
17.9409,72.5951,0.96,0.34,1
17.9575,72.6272,0.49,0.02,5
17.9811,72.6491,0.49,0.0,5
18.0132,72.6104,0.92,0.15,5
18.0213,72.5978,0.16,0.37,4
17.9838,72.6453,0.15,0.38,2
17.9767,72.6011,0.66,0.2,1
17.9996,72.6153,0.86,0.13,2
17.9555,72.6558,0.75,0.48,2
17.9312,72.6634,0.36,0.22,4
17.9539,72.6234,0.55,0.35,5
17.9904,72.5859,0.83,0.07,2
17.9542,72.6164,0.92,0.35,3
17.9313,72.5781,0.42,0.21,5
17.9641,72.5525,0.85,0.28,1
17.9765,72.5987,0.51,0.24,2
17.9957,72.5512,0.31,0.37,4
17.9785,72.5017,0.99,0.15,2
17.9972,72.534,0.49,0.03,1
18.0385,72.513,0.59,0.28,4
18.0559,72.5063,0.43,0.49,4
18.0193,72.5427,0.12,0.24,4
17.9973,72.5553,0.81,0.03,4
17.9905,72.6033,0.5,0.34,1
17.9984,72.5603,0.74,0.3,5
18.0211,72.6061,0.67,0.35,5
18.0051,72.6254,0.33,0.47,5
18.0299,72.6374,0.65,0.46,5
17.9843,72.5906,0.82,0.13,5
17.9734,72.563,0.47,0.0,3
17.9295,72.5143,0.92,0.38,3
17.9651,72.5179,0.32,0.46,2
17.9155,72.5003,0.41,0.27,5
17.8741,72.453,0.21,0.44,2
17.8641,72.4033,0.76,0.16,5
17.8881,72.4437,0.72,0.3,1
17.8537,72.4155,0.41,0.13,4
17.8923,72.3874,0.91,0.03,5
17.92,72.4106,0.13,0.33,1
17.9202,72.3967,0.69,0.08,4
17.9401,72.3552,0.13,0.31,3
17.9447,72.3817,0.12,0.25,1
17.9234,72.4266,0.98,0.11,2
17.9141,72.4406,0.82,0.47,2
17.9163,72.4001,0.36,0.14,4
17.88,72.4462,0.53,0.23,5
17.8495,72.4867,0.23,0.47,2
17.8903,72.4532,0.3,0.34,4
17.9064,72.4093,0.96,0.37,2
17.9209,72.4018,0.32,0.05,4
17.8902,72.3689,0.25,0.03,4
17.9256,72.4122,0.32,0.5,1
17.9493,72.3956,0.19,0.15,3
17.9814,72.4449,0.44,0.11,4
17.9858,72.4773,0.91,0.22,1
18.0276,72.5075,0.76,0.15,5
18.07,72.4609,0.81,0.4,5
18.1133,72.4159,0.31,0.3,2
18.0754,72.4464,0.56,0.44,3
18.1045,72.4317,0.55,0.13,4
18.128,72.3936,0.52,0.19,5
18.1043,72.3879,0.16,0.06,3
18.138,72.352,0.11,0.16,2
18.1274,72.3668,0.69,0.18,1
18.1174,72.3966,0.52,0.29,4
18.0826,72.3778,0.26,0.26,1
18.0962,72.3615,0.64,0.01,1
18.0709,72.3231,0.41,0.24,4
18.0216,72.3246,0.34,0.38,5
18.0027,72.3621,0.27,0.12,4
17.9982,72.3779,0.54,0.21,2
18.0324,72.4144,0.98,0.26,4
18.0018,72.3818,0.91,0.35,4
18.0424,72.3848,0.39,0.5,5
18.0747,72.416,0.37,0.3,1
18.0909,72.4002,0.71,0.17,1
18.0462,72.3813,0.18,0.22,5
18.0439,72.3886,0.94,0.41,2
18.0645,72.3871,0.16,0.31,1
18.0898,72.3479,0.54,0.42,3
18.112,72.3754,0.82,0.18,5
18.0815,72.3814,0.42,0.06,5
18.1295,72.4059,0.98,0.05,5
18.1342,72.4098,0.47,0.25,5
18.1415,72.3694,0.99,0.33,4
18.1093,72.3479,0.12,0.16,5
18.0703,72.3443,0.28,0.49,2
18.0263,72.2975,0.52,0.33,2
18.0159,72.3209,0.99,0.35,3
17.9792,72.3627,0.85,0.18,5
17.9398,72.3538,0.79,0.42,2
17.9166,72.3383,0.2,0.27,1
17.9533,72.3324,0.15,0.09,5
17.9841,72.3027,0.45,0.16,1
17.9722,72.3328,0.13,0.49,5
18.0021,72.3368,0.21,0.5,3
17.9923,72.3866,0.16,0.14,4
18.0316,72.4183,0.82,0.01,1
17.9866,72.4652,0.18,0.47,2
17.9457,72.4835,0.89,0.26,2
17.9385,72.5032,0.57,0.25,5
17.9477,72.4775,0.17,0.25,5
17.9271,72.4745,0.42,0.43,1
17.8933,72.4363,0.86,0.08,2
17.8472,72.4633,0.61,0.17,5
17.8055,72.4282,0.86,0.36,3
17.8473,72.4288,0.4,0.27,1
17.8386,72.4414,0.29,0.39,4
17.833,72.4801,0.76,0.41,4
17.8389,72.4918,0.53,0.33,4
17.879,72.5341,0.86,0.27,1
17.8887,72.5487,0.95,0.09,2
17.8966,72.5535,0.19,0.0,1
17.8776,72.5983,0.84,0.18,2
17.9247,72.5487,0.92,0.45,3
17.9729,72.5015,0.71,0.17,1
17.9405,72.5061,0.99,0.4,1
17.9061,72.4743,0.49,0.38,3
17.9445,72.4903,0.58,0.18,5
17.9296,72.4994,0.82,0.16,2
17.9726,72.4914,0.28,0.03,2
17.956,72.5216,0.71,0.11,3
18.0039,72.5044,0.3,0.21,1
17.9637,72.5072,0.61,0.1,4
18.0087,72.5541,0.21,0.26,1
17.9885,72.5396,0.77,0.11,5
17.9856,72.5841,0.35,0.24,1
18.0169,72.6322,0.18,0.47,4
18.0414,72.6444,0.64,0.1,4
18.0192,72.6013,0.12,0.15,4
18.0101,72.6271,0.31,0.07,1
18.0567,72.6606,0.4,0.15,1
18.037,72.6743,0.89,0.16,3
18.0033,72.6272,0.34,0.09,3
17.9963,72.6097,0.85,0.13,4
17.9665,72.571,0.61,0.36,5
17.9335,72.5684,0.21,0.4,3
17.9046,72.6175,0.89,0.43,5
17.9039,72.657,0.97,0.25,5
17.946,72.6823,0.93,0.46,5
17.9914,72.678,0.98,0.15,1
18.0179,72.6698,0.27,0.29,2
18.0281,72.6936,0.37,0.45,3
18.0156,72.6981,0.16,0.19,5
17.9753,72.7431,0.58,0.28,4
18.0142,72.7388,0.6,0.32,1
18.0399,72.7181,0.19,0.15,4
18.0221,72.7615,0.68,0.29,3
18.0629,72.8042,0.63,0.26,5
18.0646,72.7771,0.45,0.29,1
18.0581,72.7428,0.25,0.21,4
18.0286,72.7672,0.56,0.47,4
18.0542,72.7592,0.98,0.12,5
18.0993,72.8015,0.24,0.08,3
18.0715,72.7802,0.44,0.5,1
18.054,72.7992,0.16,0.24,3
18.0584,72.79,0.39,0.02,2
18.0335,72.8075,0.17,0.23,1
18.0246,72.77,0.18,0.34,4
18.0379,72.82,0.73,0.38,3
18.018,72.771,0.69,0.38,5
18.0167,72.8198,0.45,0.32,2
18.0589,72.7958,0.71,0.3,1
18.0594,72.777,0.24,0.11,2
18.0306,72.7606,0.85,0.33,5
17.9848,72.7829,0.67,0.11,3
18.0092,72.8182,0.23,0.37,1
17.9775,72.7876,0.48,0.0,1
17.9768,72.785,0.83,0.24,1
17.9864,72.7378,0.68,0.04,5
18.0325,72.7391,0.52,0.08,3
18.0782,72.7384,0.42,0.31,4
18.0528,72.724,0.34,0.04,3
18.0557,72.7699,0.75,0.27,4
18.0147,72.7596,0.78,0.03,5
17.9859,72.7412,0.44,0.35,5
18.0067,72.7168,0.45,0.35,3
17.9907,72.705,0.93,0.36,1
18.0307,72.7542,0.63,0.01,4
18.0192,72.7887,0.6,0.19,4
18.0641,72.8116,0.53,0.29,5
18.032,72.8518,0.36,0.33,4
18.0223,72.8294,0.18,0.3,5
18.0138,72.8553,0.34,0.36,5
18.055,72.8359,0.63,0.49,2
18.0125,72.7914,0.78,0.36,5
17.9727,72.8142,0.18,0.49,3
17.9392,72.7817,0.92,0.47,2
17.9304,72.7919,0.63,0.22,1
17.9574,72.8263,0.26,0.36,3
17.9247,72.7865,0.87,0.35,2
17.9551,72.7637,0.59,0.45,1
17.9904,72.7435,0.16,0.01,5
18.0174,72.7699,0.19,0.31,3
18.0384,72.7655,0.59,0.28,5
18.0547,72.7659,0.77,0.29,2
18.0279,72.7494,0.82,0.2,4
18.0429,72.7547,0.57,0.16,4
18.0368,72.7971,0.15,0.49,4
18.0536,72.8383,0.5,0.07,4
18.0825,72.7986,0.12,0.42,4
18.093,72.7583,0.8,0.26,1
18.0745,72.8002,0.22,0.13,3
18.0748,72.8008,0.39,0.17,2
18.0959,72.8042,0.42,0.38,3
18.0785,72.8023,0.99,0.24,2
18.1193,72.7636,0.16,0.28,4
18.1208,72.7843,0.3,0.03,2
18.0965,72.7806,0.54,0.35,1
18.0996,72.7981,0.13,0.15,2
18.1112,72.7801,0.48,0.08,2
18.0991,72.7921,0.39,0.15,1
18.0686,72.7504,0.41,0.08,5
18.0451,72.7196,0.72,0.46,4
18.042,72.7264,0.45,0.39,2
18.0199,72.716,0.4,0.26,5
18.0019,72.7545,0.14,0.22,5
17.9935,72.7481,0.13,0.3,4
17.9734,72.7856,0.96,0.14,2
18.0122,72.8312,0.96,0.05,3
17.9819,72.8229,0.44,0.11,3
18.0044,72.8383,0.54,0.04,1
18.0473,72.8105,0.35,0.27,1
18.0755,72.8174,0.78,0.28,2
18.0806,72.7699,0.84,0.41,2
18.0643,72.7786,0.15,0.1,5
18.0811,72.8004,0.86,0.32,1
18.0821,72.8424,0.96,0.05,2
18.0364,72.816,0.23,0.23,2
18.0639,72.8649,0.16,0.08,1
18.0318,72.8279,0.17,0.18,2
18.0326,72.8378,0.24,0.4,5
18.034,72.7981,0.9,0.2,5
18.0438,72.8356,0.14,0.18,4
18.0058,72.8048,0.42,0.36,5
18.045,72.831,0.15,0.4,3
18.0551,72.8548,0.88,0.14,3
18.0288,72.8403,0.93,0.5,4
18.0176,72.8333,0.9,0.41,3
17.9822,72.8461,0.33,0.45,1
17.9752,72.8659,0.61,0.02,5
18.0043,72.8987,0.77,0.11,2
18.0367,72.924,0.81,0.32,4
18.0838,72.9557,0.28,0.22,4
18.0923,72.9721,0.34,0.04,1
18.1278,72.9963,0.69,0.02,2
18.1036,72.9491,0.64,0.2,2
18.133,72.9517,0.94,0.1,5
18.0906,72.9581,0.36,0.18,5
18.0777,72.946,0.56,0.41,1
18.0631,72.9596,0.82,0.39,1
18.0862,72.919,0.69,0.33,2
18.1264,72.9243,0.53,0.12,5
18.1363,72.9723,0.6,0.42,2
18.152,73.0043,0.9,0.29,4
18.1912,73.0048,0.51,0.18,2
18.2268,72.9768,0.67,0.13,4
18.2108,72.9718,0.21,0.08,2
18.2118,72.9578,0.24,0.02,1
18.2598,72.9243,0.2,0.25,5
18.2677,72.8956,0.16,0.35,2
18.2637,72.8833,0.48,0.16,5
18.2876,72.918,0.26,0.21,4
18.2451,72.9436,0.32,0.17,1
18.2416,72.9693,0.42,0.43,3
18.285,73.0104,0.83,0.44,2
18.2955,73.0362,0.53,0.46,1
18.2755,72.9905,0.89,0.43,5
18.3072,72.9435,0.74,0.33,1
18.2603,72.9729,0.14,0.29,5
18.212,73.0142,0.48,0.12,3
18.2608,73.0517,0.76,0.28,1
18.2745,73.038,0.16,0.43,3
18.2625,72.9929,0.86,0.33,5
18.2865,73.0323,0.36,0.14,4
18.2468,73.0362,0.13,0.3,2
18.2458,73.061,0.88,0.47,1
18.2526,73.0975,0.47,0.03,4
18.2477,73.116,0.59,0.25,3
18.254,73.152,0.32,0.21,1
18.2564,73.1691,0.32,0.16,5
18.2386,73.1934,0.23,0.31,3
18.2775,73.239,0.18,0.3,2
18.3168,73.2849,0.33,0.17,1
18.3492,73.2627,0.13,0.24,2
18.3707,73.2493,0.48,0.14,2
18.3966,73.2686,0.43,0.32,3
18.3642,73.2187,0.16,0.25,2
18.4118,73.2181,0.55,0.05,5
18.4142,73.2576,0.64,0.18,5
18.388,73.2796,0.87,0.37,5
18.3432,73.3122,0.42,0.45,3
18.3821,73.2854,0.8,0.22,1
18.3785,73.2577,0.93,0.08,1
18.3782,73.3061,0.55,0.01,1
18.3968,73.2882,0.67,0.16,4
18.3679,73.3168,0.55,0.19,4
18.3955,73.3286,0.51,0.29,5
18.4148,73.2808,0.88,0.29,1
18.394,73.2722,0.77,0.01,4
18.3539,73.2901,0.68,0.21,5
18.353,73.3314,0.4,0.03,3
18.4026,73.3452,0.64,0.27,5
18.4244,73.3662,0.27,0.4,3
18.4279,73.3759,0.84,0.31,4
18.3839,73.3725,0.5,0.1,3
18.3875,73.3286,0.6,0.33,2
18.4154,73.3566,0.89,0.27,2
18.4063,73.3307,0.86,0.25,5
18.3655,73.3587,0.85,0.11,3
18.365,73.3414,0.53,0.32,2
18.4063,73.3676,0.53,0.08,2
18.4116,73.3506,0.92,0.29,4
18.4574,73.3413,0.16,0.2,1
18.4852,73.3243,0.59,0.25,2
18.449,73.3141,0.67,0.38,1
18.448,73.3481,0.63,0.18,2
18.4384,73.3635,0.64,0.3,1
18.4202,73.3638,0.48,0.37,4
18.4318,73.3357,0.33,0.15,3
18.4479,73.3021,0.72,0.01,5
18.4037,73.3093,0.3,0.47,4
18.4512,73.286,0.96,0.08,3
18.4727,73.2807,0.31,0.39,3
18.4871,73.2445,0.54,0.03,3
18.474,73.236,0.58,0.0,5
18.5212,73.284,0.14,0.37,4
18.5485,73.2671,0.77,0.33,2
18.5263,73.2402,0.71,0.23,5
18.5644,73.2258,0.89,0.15,2
18.5902,73.2438,0.98,0.1,1
18.5902,73.2493,0.9,0.49,1
18.5556,73.2204,0.22,0.4,4
18.5627,73.177,0.17,0.3,5
18.5534,73.1649,0.19,0.15,5
18.5454,73.1887,0.53,0.03,1
18.5127,73.1752,0.79,0.09,1
18.4745,73.149,0.76,0.3,1
18.4641,73.1385,0.45,0.44,4
18.49,73.181,0.26,0.34,4
18.5054,73.2012,0.36,0.43,4
18.5079,73.1975,0.86,0.04,1
18.5005,73.1676,0.54,0.31,4
18.4631,73.1571,0.42,0.23,5
18.5122,73.1698,0.98,0.4,2
18.4666,73.1748,0.63,0.48,3
18.4246,73.2002,0.13,0.07,4
18.4149,73.2354,0.66,0.25,4
18.4279,73.2111,0.43,0.2,4
18.3928,73.2237,0.58,0.04,1
18.3778,73.2558,0.23,0.25,3
18.3593,73.2497,0.91,0.3,5
18.3239,73.2702,0.32,0.36,3
18.3663,73.2516,0.89,0.16,5
18.331,73.2383,0.26,0.44,5
18.3708,73.2246,0.17,0.42,1
18.3209,73.2076,0.68,0.17,3
18.3307,73.2105,0.18,0.28,5
18.3089,73.1652,0.28,0.35,1
18.3284,73.1749,0.59,0.29,2
18.2837,73.1589,0.32,0.13,1
18.2983,73.1421,0.47,0.22,4
18.3437,73.1535,0.97,0.44,3
18.3252,73.1261,0.8,0.04,1
18.3622,73.0798,0.97,0.15,3
18.3308,73.1234,0.45,0.39,2
18.3014,73.0881,0.53,0.15,4
18.2952,73.0659,0.61,0.0,2
18.301,73.0171,0.59,0.01,1
18.2956,73.0233,0.47,0.18,2
18.2857,73.0303,0.14,0.42,1
18.3154,73.0093,0.86,0.35,2
18.2857,72.9648,0.13,0.43,4
18.2693,73.0035,0.27,0.26,1
18.2216,73.0428,0.48,0.42,5
18.2488,73.0414,0.57,0.03,1
18.2735,73.0321,0.4,0.45,5
18.2669,73.0117,0.38,0.48,3
18.2371,73.0319,0.2,0.49,5
18.2699,72.9901,0.69,0.16,5
18.2362,72.9542,0.86,0.19,2
18.2511,72.9225,0.54,0.33,5
18.2124,72.8808,0.54,0.49,1
18.1916,72.9274,0.42,0.18,3
18.1623,72.894,0.76,0.19,5
18.1151,72.8837,0.64,0.21,2
18.1501,72.9204,0.55,0.34,5
18.188,72.9551,0.38,0.29,3
18.1734,72.9663,0.97,0.08,2
18.126,72.9303,0.77,0.42,2
18.0997,72.9464,0.75,0.16,2
18.106,72.9853,0.43,0.33,4
18.1412,72.9593,0.2,0.33,3
18.1214,72.9878,0.44,0.31,5
18.1084,72.9909,0.5,0.26,4
18.1114,73.0088,0.71,0.1,3
18.1527,73.033,0.59,0.37,2
18.1281,73.0522,0.88,0.36,3
18.1487,73.0384,0.67,0.29,4
18.1326,73.0496,0.32,0.36,1
18.1701,73.0189,0.89,0.45,3
18.172,72.9747,1.0,0.36,4
18.1402,73.0028,0.39,0.48,4
18.1826,73.0284,0.34,0.08,5
18.2027,73.0092,0.31,0.19,1
18.2149,73.0326,0.98,0.1,4
18.1794,72.9877,0.34,0.1,5
18.1609,73.0136,0.98,0.02,3
18.1384,73.0203,0.29,0.36,1
18.116,72.9952,0.29,0.23,3
18.1212,73.0087,0.92,0.37,1
18.1131,73.0234,0.16,0.21,1
18.1543,73.061,0.21,0.41,1
18.1353,73.0131,0.64,0.01,4
18.1347,72.9827,0.4,0.39,2
18.0946,72.9777,0.89,0.02,3
18.0992,73.0057,0.84,0.15,2
18.115,73.0147,0.59,0.27,3
18.1637,73.0428,0.38,0.07,2
18.1899,73.0255,0.99,0.2,3
18.2166,73.0219,0.24,0.06,2
18.2434,73.0392,0.13,0.44,4
18.2444,73.0361,0.32,0.14,2
18.2453,73.0843,0.61,0.24,2
18.2259,73.0372,0.79,0.37,5
18.2244,72.9889,0.86,0.44,3
18.1759,73.0007,0.23,0.31,5
18.2119,72.9993,0.24,0.34,2
18.1784,73.033,0.61,0.3,2
18.163,73.0183,0.46,0.46,3
18.125,73.0678,0.56,0.07,4
18.0808,73.0187,0.13,0.46,5
18.1199,73.0423,0.74,0.07,3
18.0735,73.0449,0.83,0.04,4
18.0253,73.0245,0.17,0.31,2
17.9868,72.9879,0.39,0.25,3
17.9667,72.9856,0.23,0.38,1
17.9793,73.0323,0.46,0.43,5
17.977,73.0795,0.6,0.17,2
18.0204,73.0906,0.56,0.09,1
18.018,73.0729,0.65,0.36,2
